# Athlete data synced from intervals.icu on 2026-02-26 10:19,,,
# Weight: intervals.icu (2023+) + legacy CSV (pre-2023),,,
# Non-running TSS: (calories - 80/hr * elapsed_hours) / 10,,,
date,weight_kg,garmin_tr,non_running_tss
18/04/2013,,,22.46222222
19/04/2013,,,11.35333333
20/04/2013,83.9,,
21/04/2013,83.6,,
22/04/2013,83.4,,
23/04/2013,83.3,,
24/04/2013,83.1,,
25/04/2013,82.9,,
26/04/2013,82.6,,
27/04/2013,82.5,,
28/04/2013,82.5,,
29/04/2013,82.4,,
30/04/2013,82.2,,
01/05/2013,82.1,,
02/05/2013,81.9,,
03/05/2013,81.8,,
04/05/2013,81.9,,
05/05/2013,81.9,,
06/05/2013,81.9,,
07/05/2013,81.9,,
08/05/2013,81.9,,
09/05/2013,81.9,,
10/05/2013,81.9,,
11/05/2013,81.8,,
12/05/2013,81.8,,
13/05/2013,81.7,,
14/05/2013,81.6,,
15/05/2013,81.6,,
16/05/2013,81.6,,
17/05/2013,81.5,,
18/05/2013,81.4,,
19/05/2013,81.4,,
20/05/2013,81.3,,
21/05/2013,81.3,,
22/05/2013,81.3,,
23/05/2013,81.2,,
24/05/2013,81.2,,
25/05/2013,81.1,,
26/05/2013,81.2,,
27/05/2013,81.2,,
28/05/2013,81.1,,
29/05/2013,81.1,,
30/05/2013,81,,
31/05/2013,81,,
01/06/2013,80.9,,
02/06/2013,80.9,,
03/06/2013,80.7,,
04/06/2013,80.6,,
05/06/2013,80.6,,
06/06/2013,80.6,,
07/06/2013,80.5,,
08/06/2013,80.4,,
09/06/2013,80.4,,
10/06/2013,80.3,,
11/06/2013,80.2,,
12/06/2013,80.1,,
13/06/2013,80,,
14/06/2013,79.9,,
15/06/2013,79.7,,
16/06/2013,79.6,,
17/06/2013,79.7,,
18/06/2013,79.8,,
19/06/2013,79.9,,
20/06/2013,80,,
21/06/2013,80.1,,
22/06/2013,80.2,,55.96888889
23/06/2013,80.2,,
24/06/2013,80.2,,
25/06/2013,80.1,,
26/06/2013,80.1,,
27/06/2013,80,,
28/06/2013,80,,
29/06/2013,79.9,,
30/06/2013,80,,
01/07/2013,80.2,,
02/07/2013,80.2,,
03/07/2013,80.4,,
04/07/2013,80.5,,
05/07/2013,80.5,,
06/07/2013,80.6,,
07/07/2013,80.5,,
08/07/2013,80.4,,
09/07/2013,80.4,,
10/07/2013,80.3,,
11/07/2013,80.2,,
12/07/2013,80.2,,
13/07/2013,80.3,,
14/07/2013,80.4,,
15/07/2013,80.4,,
16/07/2013,80.5,,
17/07/2013,80.6,,
18/07/2013,80.6,,
19/07/2013,80.7,,54.54444444
20/07/2013,80.6,,
21/07/2013,80.6,,
22/07/2013,80.4,,
23/07/2013,80.3,,
24/07/2013,80.2,,
25/07/2013,80.2,,
26/07/2013,80.2,,
27/07/2013,80.2,,
28/07/2013,80.3,,
29/07/2013,80.4,,
30/07/2013,80.5,,
31/07/2013,80.5,,77.16666667
01/08/2013,80.6,,
02/08/2013,80.6,,
03/08/2013,80.6,,
04/08/2013,80.5,,
05/08/2013,80.5,,
06/08/2013,80.5,,
07/08/2013,80.5,,
08/08/2013,80.5,,
09/08/2013,80.5,,
10/08/2013,80.5,,77.87111111
11/08/2013,80.5,,
12/08/2013,80.3,,
13/08/2013,80.2,,
14/08/2013,80.1,,
15/08/2013,80,,
16/08/2013,80,,
17/08/2013,80,,
18/08/2013,80,,
19/08/2013,80.1,,
20/08/2013,80.2,,
21/08/2013,80.2,,
22/08/2013,80.4,,66.88888889
23/08/2013,80.5,,
24/08/2013,80.7,,
25/08/2013,80.9,,
26/08/2013,81.1,,
27/08/2013,81.2,,
28/08/2013,81.4,,60.04666667
29/08/2013,81.4,,
30/08/2013,81.6,,54.21777778
31/08/2013,81.6,,
01/09/2013,81.6,,
02/09/2013,81.6,,
03/09/2013,81.5,,
04/09/2013,81.4,,
05/09/2013,81.3,,
06/09/2013,81.1,,
07/09/2013,80.8,,
08/09/2013,80.5,,
09/09/2013,80.3,,
10/09/2013,80.2,,
11/09/2013,80.2,,
12/09/2013,80,,
13/09/2013,80.1,,
14/09/2013,80.1,,
15/09/2013,80.3,,
16/09/2013,80.3,,
17/09/2013,80.4,,
18/09/2013,80.6,,
19/09/2013,80.7,,
20/09/2013,80.6,,
21/09/2013,80.7,,
22/09/2013,80.5,,
23/09/2013,80.4,,
24/09/2013,80.2,,
25/09/2013,80,,
26/09/2013,79.8,,
27/09/2013,79.6,,
28/09/2013,79.5,,
29/09/2013,79.4,,
30/09/2013,79.5,,
01/10/2013,79.6,,
02/10/2013,79.7,,
03/10/2013,79.8,,
04/10/2013,79.8,,
05/10/2013,80,,
06/10/2013,80.1,,
07/10/2013,80,,
08/10/2013,79.9,,
09/10/2013,79.8,,
10/10/2013,79.8,,
11/10/2013,79.8,,
12/10/2013,79.7,,
13/10/2013,79.7,,
14/10/2013,79.7,,
15/10/2013,79.7,,
16/10/2013,79.7,,
17/10/2013,79.7,,
18/10/2013,79.7,,
19/10/2013,79.6,,
20/10/2013,79.5,,
21/10/2013,79.4,,
22/10/2013,79.2,,
23/10/2013,79.1,,
24/10/2013,78.9,,
25/10/2013,78.8,,
26/10/2013,78.9,,
27/10/2013,78.9,,
28/10/2013,78.9,,
29/10/2013,79,,
30/10/2013,79.1,,
31/10/2013,79.3,,
01/11/2013,79.3,,
02/11/2013,79.2,,
03/11/2013,79.1,,
04/11/2013,79.1,,
05/11/2013,79,,
06/11/2013,78.9,,
07/11/2013,78.7,,
08/11/2013,78.7,,
09/11/2013,78.7,,
10/11/2013,78.6,,
11/11/2013,78.6,,
12/11/2013,78.6,,
13/11/2013,78.6,,
14/11/2013,78.7,,
15/11/2013,78.6,,
16/11/2013,78.5,,
17/11/2013,78.5,,
18/11/2013,78.4,,
19/11/2013,78.5,,
20/11/2013,78.5,,
21/11/2013,78.5,,
22/11/2013,78.6,,
23/11/2013,78.6,,
24/11/2013,78.7,,
25/11/2013,78.7,,
26/11/2013,78.7,,
27/11/2013,78.7,,
28/11/2013,78.6,,
29/11/2013,78.8,,
30/11/2013,78.8,,
01/12/2013,78.9,,
02/12/2013,79,,
03/12/2013,79.1,,
04/12/2013,79.1,,
05/12/2013,79.2,,
06/12/2013,79.3,,
07/12/2013,79.4,,
08/12/2013,79.6,,
09/12/2013,79.6,,
10/12/2013,79.5,,
11/12/2013,79.5,,
12/12/2013,79.5,,
13/12/2013,79.5,,
14/12/2013,79.4,,
15/12/2013,79.3,,
16/12/2013,79.4,,
17/12/2013,79.4,,
18/12/2013,79.5,,
19/12/2013,79.5,,
20/12/2013,79.5,,
21/12/2013,79.4,,
22/12/2013,79.4,,
23/12/2013,79.5,,
24/12/2013,79.4,,
25/12/2013,79.4,,
26/12/2013,79.4,,
27/12/2013,79.4,,
28/12/2013,79.6,,
29/12/2013,79.7,,
30/12/2013,79.9,,
31/12/2013,80,,
01/01/2014,80.2,,
02/01/2014,80.4,,
03/01/2014,80.6,,
04/01/2014,80.6,,
05/01/2014,80.5,,
06/01/2014,80.6,,
07/01/2014,80.6,,
08/01/2014,80.7,,
09/01/2014,80.7,,
10/01/2014,80.7,,
11/01/2014,80.8,,
12/01/2014,80.8,,
13/01/2014,80.8,,
14/01/2014,80.8,,
15/01/2014,80.8,,
16/01/2014,80.8,,
17/01/2014,80.8,,
18/01/2014,80.8,,
19/01/2014,80.8,,
20/01/2014,80.8,,
21/01/2014,80.8,,
22/01/2014,80.8,,
23/01/2014,80.9,,
24/01/2014,80.9,,
25/01/2014,80.8,,
26/01/2014,80.5,,
27/01/2014,80.5,,
28/01/2014,80.6,,
29/01/2014,80.7,,
30/01/2014,80.6,,
31/01/2014,80.7,,
01/02/2014,80.8,,
02/02/2014,80.8,,
03/02/2014,80.7,,
04/02/2014,80.5,,
05/02/2014,80.4,,
06/02/2014,80.3,,
07/02/2014,80.2,,
08/02/2014,80.2,,
09/02/2014,80.3,,
10/02/2014,80.3,,
11/02/2014,80.3,,
12/02/2014,80.4,,
13/02/2014,80.4,,
14/02/2014,80.4,,
15/02/2014,80.4,,
16/02/2014,80.4,,
17/02/2014,80.5,,
18/02/2014,80.5,,
19/02/2014,80.5,,
20/02/2014,80.5,,
21/02/2014,80.6,,
22/02/2014,80.7,,
23/02/2014,80.7,,
24/02/2014,80.7,,
25/02/2014,80.8,,
26/02/2014,80.9,,
27/02/2014,80.9,,
28/02/2014,80.9,,
01/03/2014,81,,
02/03/2014,81.2,,
03/03/2014,81.4,,
04/03/2014,81.4,,
05/03/2014,81.5,,
06/03/2014,81.6,,
07/03/2014,81.9,,
08/03/2014,82,,
09/03/2014,82,,
10/03/2014,81.9,,
11/03/2014,82,,
12/03/2014,81.9,,
13/03/2014,81.9,,
14/03/2014,81.9,,
15/03/2014,81.8,,
16/03/2014,81.7,,
17/03/2014,81.7,,
18/03/2014,81.6,,
19/03/2014,81.6,,
20/03/2014,81.6,,
21/03/2014,81.7,,
22/03/2014,81.8,,
23/03/2014,81.9,,
24/03/2014,82.1,,
25/03/2014,82.2,,
26/03/2014,82.3,,
27/03/2014,82.4,,
28/03/2014,82.3,,
29/03/2014,82.3,,
30/03/2014,82.3,,
31/03/2014,82.3,,
01/04/2014,82.2,,
02/04/2014,82.1,,
03/04/2014,82.1,,
04/04/2014,82,,
05/04/2014,81.8,,
06/04/2014,81.6,,
07/04/2014,81.5,,
08/04/2014,81.5,,
09/04/2014,81.6,,
10/04/2014,81.4,,
11/04/2014,81.5,,
12/04/2014,81.6,,
13/04/2014,81.7,,
14/04/2014,81.8,,
15/04/2014,81.8,,85.31777778
16/04/2014,81.9,,
17/04/2014,82,,
18/04/2014,82,,
19/04/2014,82.1,,
20/04/2014,82,,
21/04/2014,81.9,,
22/04/2014,81.8,,
23/04/2014,81.7,,
24/04/2014,81.6,,
25/04/2014,81.4,,
26/04/2014,81.2,,
27/04/2014,81.1,,
28/04/2014,81,,
29/04/2014,80.9,,
30/04/2014,80.8,,
01/05/2014,80.7,,
02/05/2014,80.8,,
03/05/2014,80.8,,
04/05/2014,81,,
05/05/2014,81,,
06/05/2014,80.9,,
07/05/2014,80.8,,
08/05/2014,80.7,,
09/05/2014,80.7,,
10/05/2014,80.7,,
11/05/2014,80.6,,
12/05/2014,80.6,,
13/05/2014,80.6,,
14/05/2014,80.6,,
15/05/2014,80.7,,
16/05/2014,80.7,,
17/05/2014,80.6,,
18/05/2014,80.5,,
19/05/2014,80.3,,
20/05/2014,80.2,,
21/05/2014,80.1,,
22/05/2014,79.9,,
23/05/2014,79.8,,
24/05/2014,79.7,,
25/05/2014,79.9,,
26/05/2014,80.1,,
27/05/2014,80.3,,
28/05/2014,80.4,,
29/05/2014,80.6,,48.88666667
30/05/2014,81,,
31/05/2014,81.4,,
01/06/2014,81.4,,
02/06/2014,81.4,,
03/06/2014,81.3,,
04/06/2014,81.3,,
05/06/2014,81.3,,
06/06/2014,81.1,,
07/06/2014,81,,
08/06/2014,81,,
09/06/2014,81.1,,28.33333333
10/06/2014,81.2,,
11/06/2014,81.3,,
12/06/2014,81.4,,
13/06/2014,81.4,,
14/06/2014,81.5,,
15/06/2014,81.5,,
16/06/2014,81.5,,17.56666667
17/06/2014,81.7,,
18/06/2014,81.9,,
19/06/2014,82,,
20/06/2014,82.2,,
21/06/2014,82.2,,
22/06/2014,82.3,,
23/06/2014,82.3,,
24/06/2014,82.1,,14.2
25/06/2014,82.1,,
26/06/2014,82.1,,
27/06/2014,82.1,,4.6
28/06/2014,82.1,,
29/06/2014,82,,
30/06/2014,81.9,,
01/07/2014,81.8,,
02/07/2014,81.7,,
03/07/2014,81.6,,50.26666667
04/07/2014,81.3,,9.7
05/07/2014,81.2,,
06/07/2014,81.1,,
07/07/2014,81.1,,
08/07/2014,81.1,,
09/07/2014,81,,
10/07/2014,80.9,,
11/07/2014,81,,
12/07/2014,81.1,,
13/07/2014,81.1,,
14/07/2014,81.1,,
15/07/2014,81.2,,
16/07/2014,81.3,,
17/07/2014,81.4,,
18/07/2014,81.4,,
19/07/2014,81.4,,
20/07/2014,81.4,,
21/07/2014,81.4,,
22/07/2014,81.4,,77.35333333
23/07/2014,81.4,,
24/07/2014,81.4,,
25/07/2014,81.4,,57.22666667
26/07/2014,81.4,,
27/07/2014,81.4,,
28/07/2014,81.4,,
29/07/2014,81.4,,65.99777778
30/07/2014,81.5,,
31/07/2014,81.6,,
01/08/2014,81.7,,
02/08/2014,81.8,,40.06888889
03/08/2014,81.9,,
04/08/2014,82,,
05/08/2014,82.1,,55.57555556
06/08/2014,82.1,,41.65111111
07/08/2014,82.1,,
08/08/2014,82.1,,
09/08/2014,82.1,,
10/08/2014,82.1,,77.00666667
11/08/2014,82.1,,42.98444444
12/08/2014,82.1,,309.0288889
13/08/2014,82.1,,281.2355556
14/08/2014,82.1,,
15/08/2014,82.1,,
16/08/2014,82.1,,
17/08/2014,82.1,,
18/08/2014,82.2,,47.84222222
19/08/2014,82.3,,
20/08/2014,82.5,,
21/08/2014,82.6,,
22/08/2014,82.8,,
23/08/2014,83,,
24/08/2014,83.1,,
25/08/2014,83.1,,
26/08/2014,83.1,,
27/08/2014,83,,
28/08/2014,83,,
29/08/2014,82.9,,
30/08/2014,82.8,,
31/08/2014,82.8,,
01/09/2014,82.8,,
02/09/2014,82.9,,
03/09/2014,82.9,,
04/09/2014,83,,
05/09/2014,83.1,,
06/09/2014,83.1,,
07/09/2014,83.1,,
08/09/2014,82.9,,
09/09/2014,82.7,,35.46666667
10/09/2014,82.4,,
11/09/2014,82.2,,
12/09/2014,82,,
13/09/2014,81.9,,
14/09/2014,81.8,,
15/09/2014,81.8,,
16/09/2014,81.7,,
17/09/2014,81.7,,
18/09/2014,81.8,,
19/09/2014,81.7,,53.56666667
20/09/2014,81.6,,
21/09/2014,81.7,,
22/09/2014,81.7,,44.33333333
23/09/2014,81.7,,
24/09/2014,81.6,,
25/09/2014,81.5,,
26/09/2014,81.5,,
27/09/2014,81.5,,
28/09/2014,81.3,,
29/09/2014,81.1,,
30/09/2014,81,,
01/10/2014,80.8,,
02/10/2014,80.6,,
03/10/2014,80.6,,
04/10/2014,80.4,,
05/10/2014,80.4,,
06/10/2014,80.4,,
07/10/2014,80.3,,21.23333333
08/10/2014,80.2,,
09/10/2014,80.2,,37.46666667
10/10/2014,80,,
11/10/2014,79.9,,
12/10/2014,79.7,,
13/10/2014,79.5,,
14/10/2014,79.5,,
15/10/2014,79.5,,76.36666667
16/10/2014,79.5,,
17/10/2014,79.4,,32.43333333
18/10/2014,79.5,,
19/10/2014,79.5,,
20/10/2014,79.5,,53.66666667
21/10/2014,79.5,,
22/10/2014,79.3,,13.23333333
23/10/2014,79.2,,43.14444444
24/10/2014,79,,
25/10/2014,78.9,,
26/10/2014,78.9,,
27/10/2014,78.9,,
28/10/2014,78.8,,48.03333333
29/10/2014,78.9,,40.36666667
30/10/2014,78.9,,
31/10/2014,79.1,,
01/11/2014,79.1,,
02/11/2014,79,,
03/11/2014,78.8,,28.02
04/11/2014,78.7,,43.21777778
05/11/2014,78.5,,
06/11/2014,78.5,,58.39333333
07/11/2014,78.3,,
08/11/2014,78.1,,
09/11/2014,78,,
10/11/2014,78,,
11/11/2014,78,,
12/11/2014,78,,
13/11/2014,77.9,,
14/11/2014,77.9,,81.46666667
15/11/2014,78,,
16/11/2014,77.9,,
17/11/2014,77.7,,
18/11/2014,77.6,,
19/11/2014,77.6,,
20/11/2014,77.7,,66.56666667
21/11/2014,77.8,,
22/11/2014,77.6,,
23/11/2014,77.7,,
24/11/2014,77.8,,
25/11/2014,77.8,,51.76
26/11/2014,77.7,,17.07111111
27/11/2014,77.6,,
28/11/2014,77.5,,39.7
29/11/2014,77.3,,
30/11/2014,77.2,,
01/12/2014,77,,
02/12/2014,76.9,,
03/12/2014,76.8,,53.66666667
04/12/2014,76.8,,
05/12/2014,76.8,,
06/12/2014,76.7,,
07/12/2014,76.7,,
08/12/2014,76.7,,
09/12/2014,76.7,,
10/12/2014,76.7,,
11/12/2014,76.6,,57.54888889
12/12/2014,76.5,,
13/12/2014,76.5,,
14/12/2014,76.4,,
15/12/2014,76.3,,
16/12/2014,76.3,,
17/12/2014,76.3,,
18/12/2014,76.2,,19.83111111
19/12/2014,76.2,,72.16
20/12/2014,76.3,,
21/12/2014,76.5,,
22/12/2014,76.6,,
23/12/2014,76.7,,
24/12/2014,76.8,,
25/12/2014,76.9,,
26/12/2014,77,,48.18888889
27/12/2014,77,,
28/12/2014,77,,
29/12/2014,77,,
30/12/2014,77,,
31/12/2014,77,,
01/01/2015,77,,
02/01/2015,77.1,,
03/01/2015,77.1,,
04/01/2015,77.1,,27.63555556
05/01/2015,77.1,,19.89333333
06/01/2015,77.1,,
07/01/2015,77,,41.97777778
08/01/2015,77,,38.35333333
09/01/2015,76.8,,39.12444444
10/01/2015,76.7,,
11/01/2015,76.5,,
12/01/2015,76.4,,
13/01/2015,76.3,,9.151111111
14/01/2015,76.3,,44.13111111
15/01/2015,76.2,,
16/01/2015,76.3,,39.12444444
17/01/2015,76.3,,
18/01/2015,76.3,,
19/01/2015,76.4,,0.015555556
20/01/2015,76.2,,48.24888889
21/01/2015,76.1,,
22/01/2015,76,,
23/01/2015,76,,33.38666667
24/01/2015,76,,
25/01/2015,76,,
26/01/2015,76,,37.53555556
27/01/2015,76,,39.85333333
28/01/2015,76,,
29/01/2015,75.9,,43.54444444
30/01/2015,75.8,,52.33333333
31/01/2015,75.8,,
01/02/2015,75.7,,
02/02/2015,75.8,,
03/02/2015,75.8,,26.14444444
04/02/2015,75.8,,
05/02/2015,75.9,,32.28888889
06/02/2015,75.8,,
07/02/2015,75.6,,
08/02/2015,75.4,,
09/02/2015,75.1,,14.61777778
10/02/2015,74.9,,
11/02/2015,74.7,,
12/02/2015,74.4,,
13/02/2015,74.3,,
14/02/2015,74.3,,
15/02/2015,74.3,,11.60888889
16/02/2015,74.3,,
17/02/2015,74.2,,105.2177778
18/02/2015,74.2,,
19/02/2015,74.2,,157.1844444
20/02/2015,74.5,,123.0466667
21/02/2015,74.7,,
22/02/2015,75,,
23/02/2015,75.1,,
24/02/2015,75.1,,50.57555556
25/02/2015,75.2,,
26/02/2015,75.4,,106.5977778
27/02/2015,75.2,,
28/02/2015,74.9,,
01/03/2015,74.6,,
02/03/2015,74.4,,
03/03/2015,74.3,,46.88888889
04/03/2015,74.2,,95.03111111
05/03/2015,74,,
06/03/2015,74.1,,37.69111111
07/03/2015,74.1,,
08/03/2015,74.1,,
09/03/2015,74.2,,
10/03/2015,74.2,,
11/03/2015,74.2,,
12/03/2015,74.2,,80.40666667
13/03/2015,74.3,,
14/03/2015,74.5,,
15/03/2015,74.4,,
16/03/2015,74.4,,
17/03/2015,74.4,,
18/03/2015,74.3,,
19/03/2015,74.3,,
20/03/2015,74.2,,
21/03/2015,74,,
22/03/2015,74.2,,
23/03/2015,74.2,,
24/03/2015,74.3,,59.77111111
25/03/2015,74.5,,
26/03/2015,74.6,,
27/03/2015,74.6,,
28/03/2015,74.7,,
29/03/2015,74.8,,
30/03/2015,74.8,,21.34
31/03/2015,74.9,,16.96888889
01/04/2015,74.9,,
02/04/2015,74.9,,15.69333333
03/04/2015,75,,
04/04/2015,75,,
05/04/2015,75.1,,
06/04/2015,75.2,,
07/04/2015,75.3,,
08/04/2015,75.3,,
09/04/2015,75.4,,35
10/04/2015,75.4,,
11/04/2015,75.5,,
12/04/2015,75.5,,
13/04/2015,75.4,,
14/04/2015,75.4,,
15/04/2015,75.3,,
16/04/2015,75.3,,
17/04/2015,75.4,,24.29111111
18/04/2015,75.4,,
19/04/2015,75.5,,
20/04/2015,75.5,,
21/04/2015,75.5,,
22/04/2015,75.6,,23.46444444
23/04/2015,75.6,,44.81777778
24/04/2015,75.5,,
25/04/2015,75.3,,
26/04/2015,75.4,,
27/04/2015,75.5,,
28/04/2015,75.7,,
29/04/2015,75.9,,
30/04/2015,76.1,,
01/05/2015,76.4,,
02/05/2015,76.6,,
03/05/2015,76.7,,
04/05/2015,76.6,,
05/05/2015,76.5,,
06/05/2015,76.3,,63.55555556
07/05/2015,76.2,,29.52888889
08/05/2015,76.3,,180.5022222
09/05/2015,76.4,,135.8866667
10/05/2015,76.4,,76.25777778
11/05/2015,76.6,,
12/05/2015,76.8,,
13/05/2015,77,,
14/05/2015,77.2,,38.81555556
15/05/2015,77.1,,
16/05/2015,77.1,,
17/05/2015,77,,
18/05/2015,76.9,,
19/05/2015,76.8,,
20/05/2015,76.7,,
21/05/2015,76.6,,
22/05/2015,76.6,,
23/05/2015,76.5,,
24/05/2015,76.5,,
25/05/2015,76.6,,
26/05/2015,76.6,,
27/05/2015,76.6,,
28/05/2015,76.6,,
29/05/2015,76.6,,
30/05/2015,76.9,,
31/05/2015,77.1,,
01/06/2015,77.4,,
02/06/2015,77.6,,
03/06/2015,77.7,,
04/06/2015,77.8,,
05/06/2015,78,,
06/06/2015,78.2,,
07/06/2015,78.1,,
08/06/2015,78,,
09/06/2015,78,,
10/06/2015,78,,
11/06/2015,78,,
12/06/2015,78.1,,
13/06/2015,77.8,,
14/06/2015,77.7,,
15/06/2015,77.9,,
16/06/2015,78,,
17/06/2015,78.2,,
18/06/2015,78.4,,
19/06/2015,78.5,,
20/06/2015,78.6,,66.31555556
21/06/2015,78.7,,23.43333333
22/06/2015,78.7,,21.17777778
23/06/2015,78.8,,
24/06/2015,78.8,,
25/06/2015,78.9,,
26/06/2015,79,,
27/06/2015,79.1,,
28/06/2015,79,,
29/06/2015,78.9,,
30/06/2015,78.7,,30.18666667
01/07/2015,78.6,,88.30666667
02/07/2015,78.4,,
03/07/2015,78.3,,
04/07/2015,78.1,,
05/07/2015,78.2,,
06/07/2015,78.2,,
07/07/2015,78.3,,
08/07/2015,78.3,,21.16222222
09/07/2015,78.4,,
10/07/2015,78.4,,
11/07/2015,78.5,,
12/07/2015,78.5,,
13/07/2015,78.5,,
14/07/2015,78.5,,
15/07/2015,78.5,,
16/07/2015,78.6,,
17/07/2015,78.6,,
18/07/2015,78.7,,
19/07/2015,78.7,,53.74222222
20/07/2015,78.8,,
21/07/2015,78.8,,42.69333333
22/07/2015,78.8,,
23/07/2015,78.8,,
24/07/2015,78.7,,
25/07/2015,78.7,,
26/07/2015,78.7,,
27/07/2015,78.7,,
28/07/2015,78.9,,86.76666667
29/07/2015,79,,
30/07/2015,79.2,,
31/07/2015,79.3,,51.54666667
01/08/2015,79.4,,
02/08/2015,79.5,,
03/08/2015,79.5,,35.5
04/08/2015,79.5,,
05/08/2015,79.4,,
06/08/2015,79.3,,
07/08/2015,79.2,,
08/08/2015,79.2,,
09/08/2015,79.2,,
10/08/2015,79.3,,
11/08/2015,79.5,,32.34222222
12/08/2015,79.6,,15.42
13/08/2015,79.8,,
14/08/2015,80.1,,51.41555556
15/08/2015,80.2,,
16/08/2015,80.4,,
17/08/2015,80.5,,
18/08/2015,80.5,,
19/08/2015,80.6,,
20/08/2015,80.7,,
21/08/2015,80.6,,26.68
22/08/2015,80.7,,
23/08/2015,80.7,,
24/08/2015,80.6,,12.73333333
25/08/2015,80.6,,
26/08/2015,80.5,,
27/08/2015,80.4,,39.38222222
28/08/2015,80.3,,7.537777778
29/08/2015,80.4,,
30/08/2015,80.3,,2.942222222
31/08/2015,80.3,,
01/09/2015,80.2,,
02/09/2015,80.1,,
03/09/2015,80,,8.148888889
04/09/2015,80,,37.38888889
05/09/2015,79.8,,
06/09/2015,79.8,,
07/09/2015,79.7,,25.44222222
08/09/2015,79.7,,
09/09/2015,79.5,,
10/09/2015,79.4,,
11/09/2015,79.2,,35.60666667
12/09/2015,79.1,,
13/09/2015,78.9,,
14/09/2015,78.7,,24.63111111
15/09/2015,78.6,,
16/09/2015,78.6,,
17/09/2015,78.5,,
18/09/2015,78.4,,
19/09/2015,78.2,,
20/09/2015,77.9,,154.3111111
21/09/2015,77.9,,
22/09/2015,77.8,,
23/09/2015,77.7,,64.42444444
24/09/2015,77.7,,
25/09/2015,77.7,,
26/09/2015,77.7,,
27/09/2015,77.7,,
28/09/2015,77.6,,
29/09/2015,77.5,,78.54444444
30/09/2015,77.4,,
01/10/2015,77.3,,71.78888889
02/10/2015,77.1,,
03/10/2015,76.9,,17.17111111
04/10/2015,76.9,,
05/10/2015,76.9,,22.22888889
06/10/2015,76.8,,
07/10/2015,76.8,,
08/10/2015,76.7,,
09/10/2015,76.9,,18.58666667
10/10/2015,77,,
11/10/2015,77.1,,
12/10/2015,77.1,,
13/10/2015,77.2,,
14/10/2015,77.2,,23.51555556
15/10/2015,77.2,,
16/10/2015,76.9,,
17/10/2015,76.8,,
18/10/2015,76.6,,
19/10/2015,76.5,,
20/10/2015,76.4,,24.46666667
21/10/2015,76.3,,
22/10/2015,76.3,,
23/10/2015,76.2,,
24/10/2015,76.2,,
25/10/2015,76.4,,
26/10/2015,76.3,,
27/10/2015,76.3,,29.3
28/10/2015,76.4,,
29/10/2015,76.5,,66.63111111
30/10/2015,76.6,,
31/10/2015,76.7,,
01/11/2015,76.7,,
02/11/2015,76.9,,
03/11/2015,77,,71.30888889
04/11/2015,76.9,,
05/11/2015,76.9,,
06/11/2015,76.8,,
07/11/2015,76.7,,
08/11/2015,76.6,,
09/11/2015,76.5,,
10/11/2015,76.4,,64.39111111
11/11/2015,76.3,,49.78444444
12/11/2015,76.2,,
13/11/2015,76.1,,
14/11/2015,76,,
15/11/2015,75.9,,
16/11/2015,75.8,,
17/11/2015,75.6,,
18/11/2015,75.4,,
19/11/2015,75.2,,
20/11/2015,75.1,,
21/11/2015,75.1,,
22/11/2015,75.1,,
23/11/2015,75.2,,
24/11/2015,75.3,,37.52888889
25/11/2015,75.5,,
26/11/2015,75.6,,
27/11/2015,75.8,,30.47777778
28/11/2015,76,,
29/11/2015,76.1,,
30/11/2015,76.3,,
01/12/2015,76.4,,
02/12/2015,76.5,,
03/12/2015,76.6,,
04/12/2015,76.7,,50.7
05/12/2015,76.6,,
06/12/2015,76.5,,
07/12/2015,76.5,,21.98222222
08/12/2015,76.5,,
09/12/2015,76.6,,
10/12/2015,76.6,,
11/12/2015,76.7,,
12/12/2015,76.8,,
13/12/2015,77,,43.33555556
14/12/2015,77,,
15/12/2015,77,,17.83333333
16/12/2015,77,,
17/12/2015,77.1,,
18/12/2015,77.1,,
19/12/2015,77.1,,
20/12/2015,77.1,,
21/12/2015,77.2,,
22/12/2015,77.2,,12.11111111
23/12/2015,77.3,,
24/12/2015,77.3,,
25/12/2015,77.4,,
26/12/2015,77.4,,
27/12/2015,77.5,,
28/12/2015,77.6,,
29/12/2015,77.7,,
30/12/2015,77.7,,
31/12/2015,77.8,,20.95333333
01/01/2016,77.9,,
02/01/2016,77.9,,
03/01/2016,77.8,,
04/01/2016,77.8,,
05/01/2016,77.8,,39.59777778
06/01/2016,77.6,,35.68444444
07/01/2016,77.5,,
08/01/2016,77.4,,
09/01/2016,77.3,,
10/01/2016,77.2,,43.49777778
11/01/2016,77.1,,18.78222222
12/01/2016,77,,
13/01/2016,76.9,,
14/01/2016,76.9,,44.29777778
15/01/2016,76.7,,
16/01/2016,76.6,,
17/01/2016,76.5,,
18/01/2016,76.3,,
19/01/2016,76.2,,
20/01/2016,76.2,,
21/01/2016,76.1,,
22/01/2016,76,,
23/01/2016,75.9,,28.59777778
24/01/2016,75.8,,
25/01/2016,75.8,,
26/01/2016,75.7,,
27/01/2016,75.6,,
28/01/2016,75.5,,
29/01/2016,75.6,,
30/01/2016,75.7,,
31/01/2016,75.8,,
01/02/2016,75.8,,
02/02/2016,75.9,,32.05777778
03/02/2016,75.9,,
04/02/2016,76,,
05/02/2016,75.9,,31.99555556
06/02/2016,75.7,,
07/02/2016,75.7,,
08/02/2016,75.6,,
09/02/2016,75.4,,
10/02/2016,75.3,,
11/02/2016,75.1,,
12/02/2016,75,,
13/02/2016,74.9,,
14/02/2016,74.8,,
15/02/2016,74.8,,45.14666667
16/02/2016,74.8,,31.30888889
17/02/2016,74.8,,28.64888889
18/02/2016,74.8,,
19/02/2016,75.1,,19.38444444
20/02/2016,75.1,,5.948888889
21/02/2016,75.1,,
22/02/2016,75.2,,
23/02/2016,75.2,,20.37111111
24/02/2016,75.3,,
25/02/2016,75.3,,
26/02/2016,75.1,,
27/02/2016,75.1,,
28/02/2016,75.1,,
29/02/2016,75,,
01/03/2016,74.9,,36.18666667
02/03/2016,74.9,,
03/03/2016,74.8,,
04/03/2016,74.8,,
05/03/2016,74.7,,
06/03/2016,74.6,,
07/03/2016,74.5,,
08/03/2016,74.4,,
09/03/2016,74.4,,
10/03/2016,74.3,,31.99777778
11/03/2016,74.2,,18.88666667
12/03/2016,74.1,,
13/03/2016,74,,
14/03/2016,73.9,,
15/03/2016,73.9,,
16/03/2016,73.8,,
17/03/2016,73.7,,
18/03/2016,73.7,,
19/03/2016,73.8,,
20/03/2016,73.8,,
21/03/2016,73.7,,10.30222222
22/03/2016,73.7,,
23/03/2016,73.7,,
24/03/2016,73.6,,
25/03/2016,73.6,,
26/03/2016,73.5,,
27/03/2016,73.5,,
28/03/2016,73.5,,45.91333333
29/03/2016,73.5,,
30/03/2016,73.5,,
31/03/2016,73.6,,
01/04/2016,73.6,,
02/04/2016,73.6,,
03/04/2016,73.6,,
04/04/2016,73.7,,
05/04/2016,73.8,,
06/04/2016,73.9,,
07/04/2016,73.9,,
08/04/2016,74,,
09/04/2016,74.1,,
10/04/2016,74.2,,
11/04/2016,74.5,,
12/04/2016,74.6,,
13/04/2016,74.8,,
14/04/2016,75.1,,
15/04/2016,75.1,,29.88888889
16/04/2016,75.1,,
17/04/2016,75.3,,
18/04/2016,75,,
19/04/2016,74.9,,19.68666667
20/04/2016,74.7,,
21/04/2016,74.5,,
22/04/2016,74.5,,
23/04/2016,74.5,,
24/04/2016,74.4,,
25/04/2016,74.3,,20.60888889
26/04/2016,74.4,,
27/04/2016,74.4,,
28/04/2016,74.4,,25.55777778
29/04/2016,74.5,,
30/04/2016,74.6,,
01/05/2016,74.6,,
02/05/2016,74.7,,
03/05/2016,74.6,,13.06
04/05/2016,74.5,,
05/05/2016,74.4,,
06/05/2016,74.3,,
07/05/2016,74.4,,
08/05/2016,74.5,,
09/05/2016,74.5,,16.85777778
10/05/2016,74.5,,
11/05/2016,74.7,,
12/05/2016,74.9,,
13/05/2016,74.9,,10.31555556
14/05/2016,74.6,,
15/05/2016,74.6,,
16/05/2016,74.5,,
17/05/2016,74.4,,
18/05/2016,74.3,,
19/05/2016,74.2,,
20/05/2016,74.3,,
21/05/2016,74.3,,
22/05/2016,74.2,,
23/05/2016,74.3,,
24/05/2016,74.4,,
25/05/2016,74.5,,
26/05/2016,74.5,,
27/05/2016,74.9,,79.62666667
28/05/2016,75.1,,
29/05/2016,75.2,,
30/05/2016,75.3,,
31/05/2016,75.4,,
01/06/2016,75.5,,
02/06/2016,75.6,,
03/06/2016,75.5,,
04/06/2016,75.6,,
05/06/2016,75.7,,
06/06/2016,75.8,,30.20888889
07/06/2016,75.9,,
08/06/2016,75.9,,
09/06/2016,76,,
10/06/2016,76.1,,0.195555556
11/06/2016,76.2,,
12/06/2016,76.3,,
13/06/2016,76.3,,12.52444444
14/06/2016,76.4,,
15/06/2016,76.4,,
16/06/2016,76.4,,
17/06/2016,76.4,,
18/06/2016,76.3,,
19/06/2016,76.2,,87.64666667
20/06/2016,76.3,,
21/06/2016,76.3,,
22/06/2016,76.4,,
23/06/2016,76.6,,
24/06/2016,76.8,,
25/06/2016,77.1,,
26/06/2016,77.2,,
27/06/2016,77.2,,32.44444444
28/06/2016,77.2,,
29/06/2016,77.1,,
30/06/2016,77,,
01/07/2016,76.8,,
02/07/2016,76.6,,
03/07/2016,76.7,,
04/07/2016,76.8,,23.89555556
05/07/2016,76.9,,
06/07/2016,77.1,,
07/07/2016,77.2,,
08/07/2016,77.2,,
09/07/2016,77.4,,
10/07/2016,77.4,,
11/07/2016,77.4,,
12/07/2016,77.4,,
13/07/2016,77.3,,
14/07/2016,77.3,,
15/07/2016,77.4,,
16/07/2016,77.3,,
17/07/2016,77.4,,
18/07/2016,77.4,,
19/07/2016,77.4,,
20/07/2016,77.4,,
21/07/2016,77.5,,
22/07/2016,77.5,,91.54
23/07/2016,77.5,,
24/07/2016,77.7,,68.32
25/07/2016,77.7,,
26/07/2016,77.8,,
27/07/2016,77.9,,53.13111111
28/07/2016,78.1,,
29/07/2016,78.2,,
30/07/2016,78.3,,
31/07/2016,78.3,,
01/08/2016,78.4,,38.50888889
02/08/2016,78.5,,
03/08/2016,78.5,,94.86666667
04/08/2016,78.6,,
05/08/2016,78.5,,
06/08/2016,78.6,,
07/08/2016,78.6,,
08/08/2016,78.6,,
09/08/2016,78.7,,
10/08/2016,78.8,,
11/08/2016,78.7,,121.9244444
12/08/2016,78.9,,
13/08/2016,79,,
14/08/2016,79.2,,
15/08/2016,79.3,,
16/08/2016,79.4,,
17/08/2016,79.5,,
18/08/2016,79.7,,
19/08/2016,79.7,,
20/08/2016,79.7,,43.05555556
21/08/2016,79.6,,
22/08/2016,79.6,,94.50444444
23/08/2016,79.6,,43.58
24/08/2016,79.5,,
25/08/2016,79.5,,
26/08/2016,79.5,,
27/08/2016,79.4,,
28/08/2016,79.4,,
29/08/2016,79.4,,
30/08/2016,79.4,,160.3288889
31/08/2016,79.4,,
01/09/2016,79.4,,
02/09/2016,79.4,,69.22444444
03/09/2016,79.4,,
04/09/2016,79.4,,
05/09/2016,79.3,,29.93777778
06/09/2016,79.3,,35.91777778
07/09/2016,79.1,,
08/09/2016,79,,
09/09/2016,78.8,,39.62888889
10/09/2016,78.5,,
11/09/2016,78.3,,
12/09/2016,78.2,,12.82
13/09/2016,78.1,,87.54
14/09/2016,78.1,,
15/09/2016,78.1,,
16/09/2016,78.2,,
17/09/2016,78.1,,22.97555556
18/09/2016,78.1,,118.6044444
19/09/2016,77.9,,
20/09/2016,77.7,,19.74222222
21/09/2016,77.7,,
22/09/2016,77.6,,
23/09/2016,77.6,,28.70444444
24/09/2016,77.5,,
25/09/2016,77.5,,
26/09/2016,77.3,,20.92666667
27/09/2016,77.2,,
28/09/2016,77,,
29/09/2016,76.7,,
30/09/2016,76.5,,
01/10/2016,76.4,,
02/10/2016,76.4,,
03/10/2016,76.4,,
04/10/2016,76.2,,22.99333333
05/10/2016,76.2,,
06/10/2016,76.1,,3.604444444
07/10/2016,76,,
08/10/2016,75.9,,
09/10/2016,75.8,,
10/10/2016,75.8,,
11/10/2016,75.9,,
12/10/2016,75.8,,
13/10/2016,75.8,,
14/10/2016,75.8,,
15/10/2016,75.7,,
16/10/2016,75.6,,
17/10/2016,75.6,,
18/10/2016,75.5,,
19/10/2016,75.4,,
20/10/2016,75.3,,
21/10/2016,75.3,,
22/10/2016,75.2,,48.96222222
23/10/2016,75.1,,
24/10/2016,75.1,,34.73777778
25/10/2016,75.2,,
26/10/2016,75.3,,
27/10/2016,75.4,,
28/10/2016,75.4,,49.28666667
29/10/2016,75.6,,
30/10/2016,75.6,,
31/10/2016,75.4,,
01/11/2016,75.1,,56.66222222
02/11/2016,74.8,,
03/11/2016,74.5,,26.20222222
04/11/2016,74.4,,
05/11/2016,74.1,,
06/11/2016,74,,
07/11/2016,74,,24.01333333
08/11/2016,74,,
09/11/2016,74.1,,
10/11/2016,74.2,,
11/11/2016,74.3,,
12/11/2016,74.3,,
13/11/2016,74.3,,
14/11/2016,74.2,,
15/11/2016,74.3,,
16/11/2016,74.4,,
17/11/2016,74.4,,24.49111111
18/11/2016,74.4,,
19/11/2016,74.4,,
20/11/2016,74.4,,
21/11/2016,74.3,,
22/11/2016,74.3,,
23/11/2016,74.3,,
24/11/2016,74.2,,
25/11/2016,74.2,,
26/11/2016,74.2,,
27/11/2016,74.3,,
28/11/2016,74.3,,11.27777778
29/11/2016,74.2,,
30/11/2016,74.1,,
01/12/2016,74,,
02/12/2016,73.9,,
03/12/2016,73.9,,
04/12/2016,73.9,,
05/12/2016,74,,
06/12/2016,74.2,,
07/12/2016,74.4,,
08/12/2016,74.6,,13.86444444
09/12/2016,74.8,,
10/12/2016,74.9,,
11/12/2016,74.9,,
12/12/2016,75,,24.96444444
13/12/2016,75.1,,
14/12/2016,75,,
15/12/2016,74.9,,
16/12/2016,74.8,,
17/12/2016,74.7,,
18/12/2016,74.5,,
19/12/2016,74.4,,
20/12/2016,74.1,,
21/12/2016,74.1,,
22/12/2016,74.1,,
23/12/2016,74.1,,
24/12/2016,74.1,,
25/12/2016,74.3,,
26/12/2016,74.5,,
27/12/2016,74.8,,
28/12/2016,74.9,,
29/12/2016,75,,
30/12/2016,75,,
31/12/2016,75.2,,
01/01/2017,75.3,,
02/01/2017,75.3,,
03/01/2017,75.2,,
04/01/2017,75.1,,
05/01/2017,75,,
06/01/2017,74.9,,
07/01/2017,74.7,,
08/01/2017,74.7,,
09/01/2017,74.6,,
10/01/2017,74.7,,29.67777778
11/01/2017,74.7,,
12/01/2017,74.8,,
13/01/2017,74.8,,
14/01/2017,75,,
15/01/2017,75.1,,
16/01/2017,75.2,,
17/01/2017,75.2,,25.87777778
18/01/2017,75.2,,
19/01/2017,75.3,,
20/01/2017,75.3,,
21/01/2017,75.1,,
22/01/2017,74.9,,
23/01/2017,74.7,,
24/01/2017,74.7,,28.11777778
25/01/2017,74.7,,
26/01/2017,74.7,,
27/01/2017,74.6,,
28/01/2017,74.5,,
29/01/2017,74.5,,
30/01/2017,74.4,,
31/01/2017,74.3,,
01/02/2017,74.3,,
02/02/2017,74.4,,
03/02/2017,74.5,,
04/02/2017,74.5,,
05/02/2017,74.5,,
06/02/2017,74.6,,
07/02/2017,74.6,,
08/02/2017,74.4,,
09/02/2017,74.2,,
10/02/2017,74,,
11/02/2017,73.9,,22.82444444
12/02/2017,73.8,,45.70666667
13/02/2017,73.7,,28.30666667
14/02/2017,73.7,,23.43333333
15/02/2017,73.7,,23.22666667
16/02/2017,73.7,,54.30222222
17/02/2017,73.9,,61.22
18/02/2017,74.2,,16.26222222
19/02/2017,74.3,,
20/02/2017,74.4,,14.86444444
21/02/2017,74.6,,
22/02/2017,74.7,,
23/02/2017,74.7,,
24/02/2017,74.6,,
25/02/2017,74.4,,
26/02/2017,74.4,,
27/02/2017,74.3,,
28/02/2017,74.2,,
01/03/2017,74.2,,28.12666667
02/03/2017,74.2,,
03/03/2017,74.2,,
04/03/2017,74.1,,
05/03/2017,74,,
06/03/2017,73.9,,
07/03/2017,73.8,,20.69777778
08/03/2017,73.7,,
09/03/2017,73.6,,
10/03/2017,73.5,,
11/03/2017,73.5,,
12/03/2017,73.6,,
13/03/2017,73.6,,
14/03/2017,73.6,,12.53777778
15/03/2017,73.6,,
16/03/2017,73.6,,
17/03/2017,73.5,,
18/03/2017,73.5,,
19/03/2017,73.5,,
20/03/2017,73.6,,
21/03/2017,73.8,,22.52
22/03/2017,73.9,,
23/03/2017,74.1,,
24/03/2017,74.3,,
25/03/2017,74.4,,
26/03/2017,74.6,,
27/03/2017,74.4,,13.32222222
28/03/2017,74.3,,
29/03/2017,74.2,,
30/03/2017,74.1,,
31/03/2017,74,,
01/04/2017,73.9,,16.21777778
02/04/2017,73.7,,34.98222222
03/04/2017,73.7,,17.02444444
04/04/2017,73.7,,39.06666667
05/04/2017,73.7,,5.868888889
06/04/2017,73.7,,1.395555556
07/04/2017,73.9,,42.36888889
08/04/2017,74.1,,
09/04/2017,74.3,,
10/04/2017,74.5,,
11/04/2017,74.7,,
12/04/2017,74.9,,
13/04/2017,75.1,,
14/04/2017,75.1,,
15/04/2017,75.1,,
16/04/2017,75.2,,
17/04/2017,75.3,,
18/04/2017,75.5,,
19/04/2017,75.7,,
20/04/2017,75.9,,
21/04/2017,76.1,,
22/04/2017,76.4,,
23/04/2017,76.5,,
24/04/2017,76.6,,
25/04/2017,76.6,,
26/04/2017,76.5,,
27/04/2017,76.3,,
28/04/2017,76.2,,
29/04/2017,76,,
30/04/2017,76.1,,
01/05/2017,76,,
02/05/2017,76,,
03/05/2017,76,,35.39333333
04/05/2017,76.1,,
05/05/2017,76.1,,33.53333333
06/05/2017,76.1,,
07/05/2017,75.8,,44.00444444
08/05/2017,75.6,,42.51333333
09/05/2017,75.5,,
10/05/2017,75.4,,184.9755556
11/05/2017,75.2,,
12/05/2017,75.3,,
13/05/2017,75.3,,178.2355556
14/05/2017,75.2,,
15/05/2017,75.3,,
16/05/2017,75.3,,46.09333333
17/05/2017,75.3,,
18/05/2017,75.2,,141.7177778
19/05/2017,75,,
20/05/2017,75,,
21/05/2017,74.9,,
22/05/2017,74.8,,
23/05/2017,74.9,,
24/05/2017,75,,
25/05/2017,75,,
26/05/2017,75,,
27/05/2017,75,,
28/05/2017,75.2,,118.2133333
29/05/2017,75.2,,
30/05/2017,75.2,,
31/05/2017,75.2,,
01/06/2017,75.5,,
02/06/2017,75.7,,
03/06/2017,75.8,,
04/06/2017,75.8,,
05/06/2017,76,,33.79777778
06/06/2017,76.2,,
07/06/2017,76.4,,
08/06/2017,76.3,,
09/06/2017,76.3,,
10/06/2017,76.4,,
11/06/2017,76.6,,
12/06/2017,76.5,,224.7111111
13/06/2017,76.5,,
14/06/2017,76.4,,
15/06/2017,76.4,,
16/06/2017,76.3,,330.7644444
17/06/2017,76.4,,
18/06/2017,76.5,,
19/06/2017,76.6,,
20/06/2017,76.8,,
21/06/2017,76.9,,
22/06/2017,77.1,,
23/06/2017,77.3,,
24/06/2017,77.2,,
25/06/2017,77,,
26/06/2017,76.8,,
27/06/2017,76.6,,8.542222222
28/06/2017,76.4,,
29/06/2017,76.1,,
30/06/2017,75.8,,
01/07/2017,75.8,,
02/07/2017,75.8,,
03/07/2017,75.7,,
04/07/2017,75.7,,
05/07/2017,75.7,,
06/07/2017,75.7,,30.33111111
07/07/2017,75.8,,
08/07/2017,75.7,,
09/07/2017,75.7,,
10/07/2017,75.7,,
11/07/2017,75.6,,
12/07/2017,75.6,,
13/07/2017,75.6,,
14/07/2017,75.5,,
15/07/2017,75.8,,
16/07/2017,76,,
17/07/2017,76.3,,
18/07/2017,76.5,,
19/07/2017,76.6,,
20/07/2017,76.7,,
21/07/2017,76.8,,
22/07/2017,76.7,,11.97111111
23/07/2017,76.7,,15.36444444
24/07/2017,76.7,,
25/07/2017,76.9,,
26/07/2017,77,,125.8822222
27/07/2017,77,,
28/07/2017,77,,
29/07/2017,76.9,,
30/07/2017,76.8,,
31/07/2017,76.9,,
01/08/2017,76.9,,
02/08/2017,76.9,,
03/08/2017,77.1,,
04/08/2017,77.2,,12.8
05/08/2017,77.3,,5.066666667
06/08/2017,77.5,,
07/08/2017,77.4,,
08/08/2017,77.4,,
09/08/2017,77.4,,
10/08/2017,77.4,,
11/08/2017,77.4,,
12/08/2017,77.4,,
13/08/2017,77.4,,
14/08/2017,77.6,,
15/08/2017,77.9,,
16/08/2017,78.2,,
17/08/2017,78.6,,
18/08/2017,78.9,,
19/08/2017,79.2,,
20/08/2017,79.5,,
21/08/2017,79.5,,
22/08/2017,79.5,,
23/08/2017,79.5,,
24/08/2017,79.5,,
25/08/2017,79.4,,
26/08/2017,79.4,,
27/08/2017,79.3,,
28/08/2017,79.1,,
29/08/2017,78.9,,
30/08/2017,78.7,,21.50444444
31/08/2017,78.4,,
01/09/2017,78.4,,
02/09/2017,78.2,,
03/09/2017,78.1,,
04/09/2017,78.2,,
05/09/2017,78.2,,
06/09/2017,78.2,,
07/09/2017,78.2,,
08/09/2017,78.3,,
09/09/2017,78.3,,
10/09/2017,78.2,,
11/09/2017,78.1,,
12/09/2017,77.9,,
13/09/2017,77.9,,
14/09/2017,77.9,,
15/09/2017,77.8,,
16/09/2017,77.8,,
17/09/2017,77.8,,
18/09/2017,77.8,,24.23111111
19/09/2017,77.8,,
20/09/2017,77.9,,
21/09/2017,78,,
22/09/2017,78,,
23/09/2017,77.9,,
24/09/2017,77.9,,
25/09/2017,77.8,,
26/09/2017,77.8,,16.25555556
27/09/2017,77.7,,
28/09/2017,77.6,,
29/09/2017,77.5,,
30/09/2017,77.5,,
01/10/2017,77.5,,
02/10/2017,77.4,,
03/10/2017,77.3,,
04/10/2017,77.2,,
05/10/2017,77.2,,
06/10/2017,77.1,,
07/10/2017,76.9,,
08/10/2017,76.9,,
09/10/2017,76.9,,
10/10/2017,76.8,,
11/10/2017,76.7,,
12/10/2017,76.6,,
13/10/2017,76.5,,
14/10/2017,76.5,,
15/10/2017,76.4,,
16/10/2017,76.3,,
17/10/2017,76.2,,
18/10/2017,76.2,,
19/10/2017,76.1,,
20/10/2017,76.1,,
21/10/2017,76.1,,
22/10/2017,76.1,,
23/10/2017,76.1,,
24/10/2017,76,,
25/10/2017,76,,
26/10/2017,76,,
27/10/2017,75.8,,
28/10/2017,75.9,,
29/10/2017,76,,
30/10/2017,76.2,,
31/10/2017,76.3,,
01/11/2017,76.5,,
02/11/2017,76.6,,
03/11/2017,76.7,,
04/11/2017,76.8,,
05/11/2017,76.8,,
06/11/2017,76.8,,
07/11/2017,76.8,,23.28888889
08/11/2017,76.9,,
09/11/2017,77,,
10/11/2017,77,,
11/11/2017,77,,
12/11/2017,77,,
13/11/2017,76.9,,
14/11/2017,76.9,,
15/11/2017,76.8,,
16/11/2017,76.7,,
17/11/2017,76.7,,
18/11/2017,76.8,,
19/11/2017,76.9,,
20/11/2017,76.9,,
21/11/2017,77,,
22/11/2017,77.1,,
23/11/2017,77.3,,
24/11/2017,77.5,,
25/11/2017,77.4,,
26/11/2017,77.4,,
27/11/2017,77.4,,
28/11/2017,77.4,,15.69555556
29/11/2017,77.4,,
30/11/2017,77.3,,
01/12/2017,77.3,,
02/12/2017,77.1,,
03/12/2017,77,,
04/12/2017,76.9,,
05/12/2017,76.9,,
06/12/2017,76.8,,
07/12/2017,76.7,,
08/12/2017,76.6,,
09/12/2017,76.7,,
10/12/2017,76.7,,
11/12/2017,77,,
12/12/2017,77,,
13/12/2017,77.1,,
14/12/2017,77.1,,
15/12/2017,77.1,,
16/12/2017,77.1,,
17/12/2017,77.2,,
18/12/2017,77,,
19/12/2017,77,,
20/12/2017,77,,
21/12/2017,77,,
22/12/2017,77,,
23/12/2017,77,,
24/12/2017,77.1,,
25/12/2017,77.1,,
26/12/2017,77.1,,
27/12/2017,77.1,,
28/12/2017,77.2,,
29/12/2017,77.2,,
30/12/2017,77.2,,
31/12/2017,77.2,,
01/01/2018,77.2,,
02/01/2018,77.2,,
03/01/2018,77.2,,
04/01/2018,77.2,,
05/01/2018,77.3,,1.277777778
06/01/2018,77.3,,
07/01/2018,77.3,,
08/01/2018,77.3,,3.704444444
09/01/2018,77.4,,
10/01/2018,77.3,,
11/01/2018,77.2,,
12/01/2018,77.1,,
13/01/2018,76.9,,
14/01/2018,76.7,,
15/01/2018,76.6,,9.935555556
16/01/2018,76.4,,
17/01/2018,76.3,,
18/01/2018,76.3,,
19/01/2018,76.3,,8.366666667
20/01/2018,76.5,,
21/01/2018,76.5,,
22/01/2018,76.5,,
23/01/2018,76.6,,
24/01/2018,76.6,,19.68666667
25/01/2018,76.7,,
26/01/2018,76.7,,
27/01/2018,76.7,,
28/01/2018,76.8,,
29/01/2018,76.6,,
30/01/2018,76.6,,2.915555556
31/01/2018,76.5,,
01/02/2018,76.5,,
02/02/2018,76.4,,
03/02/2018,76.1,,
04/02/2018,76,,
05/02/2018,76,,30.34888889
06/02/2018,75.9,,15.71333333
07/02/2018,75.7,,
08/02/2018,75.6,,
09/02/2018,75.4,,
10/02/2018,75.4,,
11/02/2018,75.4,,
12/02/2018,75.3,,
13/02/2018,75.3,,
14/02/2018,75.3,,
15/02/2018,75.3,,
16/02/2018,75.5,,
17/02/2018,75.6,,
18/02/2018,75.7,,
19/02/2018,75.8,,
20/02/2018,75.8,,
21/02/2018,75.9,,8.033333333
22/02/2018,76,,
23/02/2018,75.7,,5.657777778
24/02/2018,75.6,,
25/02/2018,75.4,,
26/02/2018,75.3,,16.54222222
27/02/2018,75.2,,
28/02/2018,75.2,,
01/03/2018,75.2,,
02/03/2018,75.2,,4.928888889
03/03/2018,75.1,,
04/03/2018,75.2,,
05/03/2018,75.2,,11.83333333
06/03/2018,75.1,,
07/03/2018,74.9,,
08/03/2018,74.8,,
09/03/2018,74.8,,0.677777778
10/03/2018,74.8,,
11/03/2018,74.6,,
12/03/2018,74.7,,
13/03/2018,74.6,,
14/03/2018,74.7,,
15/03/2018,74.6,,
16/03/2018,74.5,,0.253333333
17/03/2018,74.5,,
18/03/2018,74.6,,
19/03/2018,74.4,,11.06666667
20/03/2018,74.4,,
21/03/2018,74.4,,
22/03/2018,74.3,,
23/03/2018,74.3,,
24/03/2018,74.3,,
25/03/2018,74.3,,
26/03/2018,74.4,,28.94444444
27/03/2018,74.4,,
28/03/2018,74.3,,0.617777778
29/03/2018,74.3,,
30/03/2018,74.3,,1.733333333
31/03/2018,74.3,,
01/04/2018,74.2,,
02/04/2018,74.2,,
03/04/2018,74.2,,
04/04/2018,74.1,,
05/04/2018,74.1,,
06/04/2018,74.1,,
07/04/2018,74.1,,
08/04/2018,74,,
09/04/2018,74,,
10/04/2018,73.9,,
11/04/2018,73.9,,
12/04/2018,73.7,,
13/04/2018,73.5,,15.84888889
14/04/2018,73.4,,
15/04/2018,73.3,,
16/04/2018,73.1,,
17/04/2018,73,,
18/04/2018,73,,
19/04/2018,73,,
20/04/2018,73.2,,
21/04/2018,73.4,,
22/04/2018,73.5,,
23/04/2018,73.5,,
24/04/2018,73.6,,
25/04/2018,73.8,,
26/04/2018,73.9,,
27/04/2018,74,,
28/04/2018,74.1,,
29/04/2018,74.1,,
30/04/2018,74,,
01/05/2018,73.9,,
02/05/2018,73.8,,
03/05/2018,73.7,,
04/05/2018,73.6,,
05/05/2018,73.5,,
06/05/2018,73.5,,
07/05/2018,73.4,,
08/05/2018,73.4,,
09/05/2018,73.4,,
10/05/2018,73.4,,
11/05/2018,73.6,,
12/05/2018,73.5,,
13/05/2018,73.4,,
14/05/2018,73.5,,
15/05/2018,73.6,,
16/05/2018,73.6,,
17/05/2018,73.6,,
18/05/2018,73.5,,
19/05/2018,73.6,,
20/05/2018,73.6,,
21/05/2018,73.7,,
22/05/2018,73.8,,6.502222222
23/05/2018,73.9,,
24/05/2018,74,,
25/05/2018,74,,
26/05/2018,74,,
27/05/2018,74.1,,
28/05/2018,74.1,,
29/05/2018,74.1,,
30/05/2018,74.2,,
31/05/2018,74.4,,
01/06/2018,74.5,,
02/06/2018,74.5,,
03/06/2018,74.5,,
04/06/2018,74.6,,
05/06/2018,74.7,,
06/06/2018,74.7,,
07/06/2018,74.7,,
08/06/2018,74.8,,
09/06/2018,74.8,,
10/06/2018,74.9,,
11/06/2018,74.8,,
12/06/2018,74.8,,
13/06/2018,74.8,,
14/06/2018,74.7,,
15/06/2018,74.8,,
16/06/2018,74.8,,
17/06/2018,74.8,,
18/06/2018,74.9,,
19/06/2018,74.9,,
20/06/2018,74.9,,
21/06/2018,75,,
22/06/2018,74.9,,
23/06/2018,74.9,,
24/06/2018,74.9,,
25/06/2018,74.9,,
26/06/2018,74.9,,
27/06/2018,75,,
28/06/2018,75,,
29/06/2018,75,,
30/06/2018,75.2,,
01/07/2018,75.4,,
02/07/2018,75.6,,
03/07/2018,75.6,,
04/07/2018,75.7,,
05/07/2018,75.7,,
06/07/2018,75.7,,71.46444444
07/07/2018,75.9,,
08/07/2018,76,,
09/07/2018,76,,
10/07/2018,76,,
11/07/2018,76.2,,
12/07/2018,76.3,,
13/07/2018,76.4,,
14/07/2018,76.3,,
15/07/2018,76.2,,
16/07/2018,76.2,,
17/07/2018,76.2,,
18/07/2018,76.1,,
19/07/2018,76.2,,
20/07/2018,76.3,,
21/07/2018,76.4,,
22/07/2018,76.5,,
23/07/2018,76.6,,77.14444444
24/07/2018,76.6,,
25/07/2018,76.6,,
26/07/2018,76.5,,
27/07/2018,76.3,,
28/07/2018,76.4,,
29/07/2018,76.5,,
30/07/2018,76.7,,34.23333333
31/07/2018,77,,46.28
01/08/2018,77.1,,
02/08/2018,77.4,,47.31555556
03/08/2018,77.7,,66.48222222
04/08/2018,77.7,,
05/08/2018,77.7,,39.13333333
06/08/2018,77.8,,75.82888889
07/08/2018,77.9,,
08/08/2018,78,,
09/08/2018,78,,
10/08/2018,78.1,,
11/08/2018,78.1,,66.27111111
12/08/2018,78.1,,
13/08/2018,78.2,,
14/08/2018,78.2,,46.83111111
15/08/2018,78.3,,
16/08/2018,78.3,,
17/08/2018,78.4,,
18/08/2018,78.4,,
19/08/2018,78.5,,
20/08/2018,78.5,,
21/08/2018,78.5,,
22/08/2018,78.5,,
23/08/2018,78.6,,
24/08/2018,78.6,,
25/08/2018,78.7,,
26/08/2018,78.7,,
27/08/2018,78.8,,
28/08/2018,78.8,,
29/08/2018,78.8,,
30/08/2018,78.9,,
31/08/2018,78.9,,
01/09/2018,78.9,,
02/09/2018,78.9,,
03/09/2018,78.9,,
04/09/2018,78.8,,
05/09/2018,78.7,,
06/09/2018,78.6,,
07/09/2018,78.6,,
08/09/2018,78.4,,
09/09/2018,78.3,,
10/09/2018,78,,
11/09/2018,77.8,,
12/09/2018,77.8,,
13/09/2018,77.7,,
14/09/2018,77.5,,
15/09/2018,77.5,,17.28666667
16/09/2018,77.6,,
17/09/2018,77.6,,
18/09/2018,77.8,,
19/09/2018,77.8,,
20/09/2018,77.9,,
21/09/2018,78.1,,
22/09/2018,78.1,,19.50444444
23/09/2018,78,,
24/09/2018,78.1,,
25/09/2018,78,,
26/09/2018,78,,
27/09/2018,78,,
28/09/2018,77.9,,
29/09/2018,77.9,,
30/09/2018,77.9,,
01/10/2018,77.8,,10.84
02/10/2018,77.8,,
03/10/2018,77.7,,
04/10/2018,77.6,,
05/10/2018,77.6,,
06/10/2018,77.5,,11.23333333
07/10/2018,77.5,,
08/10/2018,77.5,,
09/10/2018,77.5,,
10/10/2018,77.4,,
11/10/2018,77.2,,
12/10/2018,77.1,,
13/10/2018,77.1,,
14/10/2018,77.2,,
15/10/2018,77.2,,
16/10/2018,77.2,,
17/10/2018,77.3,,
18/10/2018,77.5,,
19/10/2018,77.7,,
20/10/2018,77.5,,
21/10/2018,77.4,,
22/10/2018,77.3,,
23/10/2018,77.3,,
24/10/2018,77.3,,
25/10/2018,77.2,,
26/10/2018,77,,
27/10/2018,77.1,,
28/10/2018,77,,
29/10/2018,76.9,,
30/10/2018,76.9,,
31/10/2018,76.9,,
01/11/2018,76.9,,
02/11/2018,77,,
03/11/2018,77,,
04/11/2018,77.1,,
05/11/2018,77.2,,9.606666667
06/11/2018,77,,
07/11/2018,76.9,,
08/11/2018,76.8,,
09/11/2018,76.8,,
10/11/2018,76.8,,
11/11/2018,76.7,,
12/11/2018,76.6,,19.91111111
13/11/2018,76.7,,
14/11/2018,76.8,,
15/11/2018,76.7,,
16/11/2018,76.6,,
17/11/2018,76.6,,
18/11/2018,76.8,,
19/11/2018,76.7,,
20/11/2018,76.6,,
21/11/2018,76.5,,
22/11/2018,76.5,,
23/11/2018,76.4,,
24/11/2018,76.4,,
25/11/2018,76.2,,
26/11/2018,76.1,,
27/11/2018,76.1,,
28/11/2018,76,,
29/11/2018,76,,
30/11/2018,75.9,,
01/12/2018,75.9,,
02/12/2018,75.9,,
03/12/2018,76.1,,
04/12/2018,76,,
05/12/2018,75.9,,
06/12/2018,75.8,,
07/12/2018,75.9,,
08/12/2018,75.9,,
09/12/2018,75.8,,
10/12/2018,75.6,,
11/12/2018,75.8,,
12/12/2018,76,,
13/12/2018,76.2,,
14/12/2018,76.1,,
15/12/2018,76.1,,
16/12/2018,76.1,,
17/12/2018,76.1,,
18/12/2018,76,,
19/12/2018,76,,
20/12/2018,75.9,,
21/12/2018,75.8,,
22/12/2018,75.7,,
23/12/2018,75.7,,
24/12/2018,75.8,,
25/12/2018,75.9,,
26/12/2018,76,,
27/12/2018,76,,
28/12/2018,76.1,,
29/12/2018,76.1,,
30/12/2018,76.2,,
31/12/2018,76.2,,
01/01/2019,76.3,,
02/01/2019,76.4,,
03/01/2019,76.4,,
04/01/2019,76.7,,
05/01/2019,76.8,,
06/01/2019,76.9,,
07/01/2019,76.8,,3.446666667
08/01/2019,76.8,,
09/01/2019,76.8,,
10/01/2019,76.7,,
11/01/2019,76.6,,
12/01/2019,76.5,,
13/01/2019,76.5,,
14/01/2019,76.5,,7.806666667
15/01/2019,76.4,,
16/01/2019,76.3,,
17/01/2019,76.2,,
18/01/2019,76,,
19/01/2019,75.9,,
20/01/2019,75.7,,
21/01/2019,75.5,,26.23777778
22/01/2019,75.6,,
23/01/2019,75.8,,
24/01/2019,75.9,,0.197777778
25/01/2019,76,,
26/01/2019,76.1,,8.191111111
27/01/2019,76.1,,
28/01/2019,76.2,,26.26888889
29/01/2019,76.1,,
30/01/2019,75.9,,
31/01/2019,75.7,,
01/02/2019,75.7,,0.804444444
02/02/2019,75.8,,
03/02/2019,75.9,,
04/02/2019,76,,13.55111111
05/02/2019,76,,
06/02/2019,76,,
07/02/2019,76,,
08/02/2019,76,,3.451111111
09/02/2019,75.8,,
10/02/2019,75.7,,
11/02/2019,75.6,,4.771111111
12/02/2019,75.6,,
13/02/2019,75.5,,
14/02/2019,75.4,,
15/02/2019,75.4,,
16/02/2019,75.5,,
17/02/2019,75.6,,
18/02/2019,75.8,,
19/02/2019,76,,
20/02/2019,76.1,,
21/02/2019,76.3,,
22/02/2019,76.3,,
23/02/2019,76.2,,
24/02/2019,76,,
25/02/2019,75.9,,
26/02/2019,75.8,,
27/02/2019,75.7,,18.47333333
28/02/2019,75.6,,
01/03/2019,75.6,,
02/03/2019,75.6,,
03/03/2019,75.6,,
04/03/2019,75.4,,
05/03/2019,75.3,,
06/03/2019,75.3,,
07/03/2019,75.3,,
08/03/2019,75.2,,1.684444444
09/03/2019,75.3,,
10/03/2019,75.4,,
11/03/2019,75.3,,
12/03/2019,75.4,,
13/03/2019,75.4,,
14/03/2019,75.4,,
15/03/2019,75.4,,2.506666667
16/03/2019,75.4,,
17/03/2019,75.4,,
18/03/2019,75.5,,11.89777778
19/03/2019,75.4,,
20/03/2019,75.4,,
21/03/2019,75.3,,
22/03/2019,75.4,,4.851111111
23/03/2019,75.4,,
24/03/2019,75.4,,
25/03/2019,75.4,,
26/03/2019,75.5,,
27/03/2019,75.5,,
28/03/2019,75.5,,
29/03/2019,75.4,,
30/03/2019,75.3,,
31/03/2019,75.4,,
01/04/2019,75.4,,16.47555556
02/04/2019,75.4,,
03/04/2019,75.3,,
04/04/2019,75.3,,
05/04/2019,75.3,,
06/04/2019,75.2,,
07/04/2019,75.1,,
08/04/2019,75,,
09/04/2019,75,,
10/04/2019,75,,
11/04/2019,75,,
12/04/2019,75,,
13/04/2019,75,,
14/04/2019,75,,
15/04/2019,75,,
16/04/2019,75,,
17/04/2019,75,,
18/04/2019,75,,
19/04/2019,75,,
20/04/2019,75,,
21/04/2019,75,,
22/04/2019,75,,
23/04/2019,75,,
24/04/2019,75,,
25/04/2019,75,,2.391111111
26/04/2019,75,,
27/04/2019,75.1,,
28/04/2019,75.1,,
29/04/2019,75.2,,
30/04/2019,75.2,,
01/05/2019,75.3,,
02/05/2019,75.4,,
03/05/2019,75.5,,24.17777778
04/05/2019,75.6,,
05/05/2019,75.5,,
06/05/2019,75.4,,
07/05/2019,75.3,,
08/05/2019,75.3,,
09/05/2019,75.3,,
10/05/2019,75.4,,
11/05/2019,75.2,,
12/05/2019,75.2,,
13/05/2019,75.2,,
14/05/2019,75.1,,
15/05/2019,74.9,,
16/05/2019,74.7,,2.122222222
17/05/2019,74.7,,
18/05/2019,74.8,,
19/05/2019,74.9,,
20/05/2019,75.2,,
21/05/2019,75.5,,
22/05/2019,75.7,,
23/05/2019,76,,
24/05/2019,76,,
25/05/2019,76.1,,
26/05/2019,76.1,,
27/05/2019,76.2,,
28/05/2019,76.3,,
29/05/2019,76.4,,
30/05/2019,76.4,,
31/05/2019,76.5,,
01/06/2019,76.5,,
02/06/2019,76.6,,
03/06/2019,76.6,,
04/06/2019,76.6,,
05/06/2019,76.6,,7.135555556
06/06/2019,76.7,,
07/06/2019,76.7,,
08/06/2019,76.7,,
09/06/2019,76.6,,
10/06/2019,76.7,,
11/06/2019,76.8,,
12/06/2019,76.9,,
13/06/2019,77,,1.208888889
14/06/2019,77.1,,
15/06/2019,77.2,,
16/06/2019,77.2,,
17/06/2019,77.1,,
18/06/2019,77,,
19/06/2019,76.9,,
20/06/2019,76.9,,
21/06/2019,76.8,,
22/06/2019,76.8,,7.88
23/06/2019,76.9,,
24/06/2019,77,,
25/06/2019,77.1,,
26/06/2019,77.2,,
27/06/2019,77.2,,5.108888889
28/06/2019,77.3,,
29/06/2019,77.4,,
30/06/2019,77.3,,
01/07/2019,77.3,,5.075555556
02/07/2019,77.3,,
03/07/2019,77.3,,
04/07/2019,77.4,,6.58
05/07/2019,77.4,,
06/07/2019,77.3,,32.14666667
07/07/2019,77.5,,
08/07/2019,77.7,,3.722222222
09/07/2019,77.9,,
10/07/2019,78,,
11/07/2019,78.2,,5.297777778
12/07/2019,78.3,,
13/07/2019,78.4,,
14/07/2019,78.4,,
15/07/2019,78.4,,
16/07/2019,78.4,,
17/07/2019,78.5,,
18/07/2019,78.5,,
19/07/2019,78.5,,
20/07/2019,78.6,,
21/07/2019,78.7,,
22/07/2019,78.7,,
23/07/2019,78.7,,
24/07/2019,78.7,,
25/07/2019,78.8,,
26/07/2019,78.8,,
27/07/2019,78.8,,
28/07/2019,78.7,,11.20444444
29/07/2019,78.7,,
30/07/2019,78.7,,
31/07/2019,78.8,,
01/08/2019,78.8,,
02/08/2019,79,,5.822222222
03/08/2019,79.3,,
04/08/2019,79.5,,
05/08/2019,79.8,,
06/08/2019,80.1,,
07/08/2019,80.2,,
08/08/2019,80.4,,
09/08/2019,80.4,,
10/08/2019,80.4,,
11/08/2019,80.3,,
12/08/2019,80.3,,
13/08/2019,80.3,,
14/08/2019,80.4,,
15/08/2019,80.5,,
16/08/2019,80.6,,
17/08/2019,80.7,,
18/08/2019,80.8,,
19/08/2019,80.8,,
20/08/2019,80.9,,
21/08/2019,81,,
22/08/2019,81.1,,
23/08/2019,81.1,,
24/08/2019,81.2,,
25/08/2019,81.3,,
26/08/2019,81.4,,
27/08/2019,81.4,,
28/08/2019,81.4,,
29/08/2019,81.5,,
30/08/2019,81.4,,
31/08/2019,81.3,,
01/09/2019,81.2,,
02/09/2019,81,,
03/09/2019,80.8,,22.46888889
04/09/2019,80.4,,
05/09/2019,80.1,,
06/09/2019,79.9,,
07/09/2019,79.7,,
08/09/2019,79.4,,
09/09/2019,79.3,,
10/09/2019,79.4,,11.13111111
11/09/2019,79.5,,
12/09/2019,79.6,,16.55555556
13/09/2019,79.6,,
14/09/2019,79.4,,
15/09/2019,79.4,,
16/09/2019,79.2,,15.07333333
17/09/2019,78.9,,7.657777778
18/09/2019,78.7,,
19/09/2019,78.4,,
20/09/2019,78.3,,
21/09/2019,78.4,,
22/09/2019,78.2,,
23/09/2019,78.2,,
24/09/2019,78.1,,10.15555556
25/09/2019,77.9,,
26/09/2019,77.7,,0.775555556
27/09/2019,77.8,,
28/09/2019,77.7,,
29/09/2019,77.6,,
30/09/2019,77.5,,
01/10/2019,77.6,,18.20888889
02/10/2019,77.6,,
03/10/2019,77.7,,
04/10/2019,77.5,,
05/10/2019,77.5,,
06/10/2019,77.6,,
07/10/2019,77.6,,7.577777778
08/10/2019,77.6,,14.28666667
09/10/2019,77.5,,
10/10/2019,77.5,,
11/10/2019,77.5,,
12/10/2019,77.4,,
13/10/2019,77.4,,
14/10/2019,77.2,,
15/10/2019,77.1,,9.222222222
16/10/2019,77,,
17/10/2019,76.9,,
18/10/2019,76.8,,12.03777778
19/10/2019,76.7,,
20/10/2019,76.7,,
21/10/2019,76.9,,
22/10/2019,76.9,,26.12222222
23/10/2019,77,,
24/10/2019,77.1,,
25/10/2019,77.1,,
26/10/2019,77.1,,
27/10/2019,77,,
28/10/2019,76.9,,
29/10/2019,76.8,,
30/10/2019,76.8,,
31/10/2019,76.7,,
01/11/2019,76.5,,
02/11/2019,76.4,,
03/11/2019,76.4,,
04/11/2019,76.3,,
05/11/2019,76.2,,
06/11/2019,76,,
07/11/2019,75.8,,
08/11/2019,75.7,,
09/11/2019,75.7,,
10/11/2019,75.6,,
11/11/2019,75.6,,
12/11/2019,75.5,,
13/11/2019,75.5,,
14/11/2019,75.5,,
15/11/2019,75.5,,
16/11/2019,75.6,,
17/11/2019,75.5,,
18/11/2019,75.5,,
19/11/2019,75.4,,
20/11/2019,75.4,,
21/11/2019,75.3,,
22/11/2019,75.4,,
23/11/2019,75.4,,
24/11/2019,75.4,,
25/11/2019,75.3,,1.477777778
26/11/2019,75.3,,14.02222222
27/11/2019,75.4,,
28/11/2019,75.5,,12.10444444
29/11/2019,75.3,,
30/11/2019,75.3,,
01/12/2019,75.3,,
02/12/2019,75.4,,
03/12/2019,75.3,,20.89333333
04/12/2019,75.1,,
05/12/2019,75,,2.18
06/12/2019,74.9,,12.28444444
07/12/2019,74.7,,
08/12/2019,74.6,,
09/12/2019,74.5,,
10/12/2019,74.5,,
11/12/2019,74.6,,
12/12/2019,74.7,,3.904444444
13/12/2019,74.7,,15.91777778
14/12/2019,74.9,,
15/12/2019,74.9,,
16/12/2019,75,,
17/12/2019,74.9,,
18/12/2019,74.9,,
19/12/2019,74.9,,
20/12/2019,75,,17.18666667
21/12/2019,75,,
22/12/2019,75,,
23/12/2019,75.1,,
24/12/2019,75.2,,
25/12/2019,75.4,,
26/12/2019,75.4,,
27/12/2019,75.5,,
28/12/2019,75.6,,
29/12/2019,75.7,,
30/12/2019,75.7,,
31/12/2019,75.9,,
01/01/2020,75.9,,
02/01/2020,76,,
03/01/2020,76,,
04/01/2020,75.9,,
05/01/2020,75.9,,
06/01/2020,75.8,,0.606666667
07/01/2020,75.6,,19.62666667
08/01/2020,75.4,,
09/01/2020,75.3,,
10/01/2020,75.3,,11.91111111
11/01/2020,75.3,,
12/01/2020,75.3,,
13/01/2020,75.3,,4.931111111
14/01/2020,75.3,,18.94
15/01/2020,75.3,,
16/01/2020,75.1,,
17/01/2020,75,,8.497777778
18/01/2020,75,,
19/01/2020,74.9,,
20/01/2020,74.9,,0.784444444
21/01/2020,75,,17.24
22/01/2020,75,,
23/01/2020,75.1,,
24/01/2020,75.4,,9.7
25/01/2020,75.3,,
26/01/2020,75.3,,
27/01/2020,75.2,,0.968888889
28/01/2020,75.2,,
29/01/2020,75.1,,
30/01/2020,75.1,,
31/01/2020,74.9,,
01/02/2020,74.9,,
02/02/2020,75,,
03/02/2020,74.9,,7.786666667
04/02/2020,74.9,,51.60222222
05/02/2020,75,,
06/02/2020,75,,
07/02/2020,75,,
08/02/2020,75,,
09/02/2020,74.9,,
10/02/2020,74.8,,
11/02/2020,74.6,,48.99111111
12/02/2020,74.4,,
13/02/2020,74.1,,
14/02/2020,73.9,,
15/02/2020,73.8,,
16/02/2020,73.9,,
17/02/2020,74,,
18/02/2020,74.1,,
19/02/2020,74.2,,
20/02/2020,74.4,,
21/02/2020,74.6,,
22/02/2020,74.7,,
23/02/2020,74.8,,
24/02/2020,74.9,,
25/02/2020,75,,39.48444444
26/02/2020,75,,26.70444444
27/02/2020,75,,
28/02/2020,74.9,,
29/02/2020,74.8,,
01/03/2020,74.7,,
02/03/2020,74.6,,
03/03/2020,74.5,,
04/03/2020,74.6,,
05/03/2020,74.6,,
06/03/2020,74.7,,21.68222222
07/03/2020,74.8,,
08/03/2020,74.8,,
09/03/2020,74.9,,2.986666667
10/03/2020,74.6,,44.76666667
11/03/2020,74.4,,
12/03/2020,74.4,,
13/03/2020,74.5,,
14/03/2020,74.4,,
15/03/2020,74.2,,
16/03/2020,74.2,,35.47333333
17/03/2020,74.3,,
18/03/2020,74.5,,
19/03/2020,74.3,,
20/03/2020,74.2,,
21/03/2020,74.2,,
22/03/2020,74.3,,
23/03/2020,74.4,,
24/03/2020,74.7,,
25/03/2020,74.9,,
26/03/2020,75.1,,
27/03/2020,75.1,,
28/03/2020,75.1,,24.21333333
29/03/2020,75.2,,18.83777778
30/03/2020,75.2,,
31/03/2020,74.8,,
01/04/2020,74.5,,
02/04/2020,74.3,,
03/04/2020,74.5,,
04/04/2020,74.7,,
05/04/2020,74.7,,
06/04/2020,74.8,,
07/04/2020,75.1,,
08/04/2020,75.3,,
09/04/2020,75.6,,
10/04/2020,75.6,,
11/04/2020,75.4,,
12/04/2020,75.5,,
13/04/2020,75.4,,
14/04/2020,75.4,,
15/04/2020,75.4,,
16/04/2020,75.4,,
17/04/2020,75.3,,
18/04/2020,75.4,,
19/04/2020,75.4,,
20/04/2020,75.4,,
21/04/2020,75.4,,
22/04/2020,75.4,,
23/04/2020,75.4,,
24/04/2020,75.5,,
25/04/2020,75.3,,
26/04/2020,75.4,,
27/04/2020,75.5,,
28/04/2020,75.5,,
29/04/2020,75.6,,
30/04/2020,75.7,,
01/05/2020,75.8,,
02/05/2020,75.9,,
03/05/2020,76,,
04/05/2020,76,,
05/05/2020,76.1,,
06/05/2020,76.1,,
07/05/2020,76.1,,
08/05/2020,76.2,,
09/05/2020,76.2,,
10/05/2020,76.3,,
11/05/2020,76.2,,
12/05/2020,76.2,,
13/05/2020,76.2,,
14/05/2020,76.2,,
15/05/2020,76.3,,
16/05/2020,76.4,,
17/05/2020,76.4,,
18/05/2020,76.4,,
19/05/2020,76.3,,
20/05/2020,76.3,,
21/05/2020,76.3,,
22/05/2020,76.1,,
23/05/2020,76,,
24/05/2020,76.1,,
25/05/2020,76.4,,
26/05/2020,76.6,,
27/05/2020,76.8,,
28/05/2020,77.1,,
29/05/2020,77.2,,
30/05/2020,77.3,,
31/05/2020,77.4,,
01/06/2020,77.4,,
02/06/2020,77.4,,
03/06/2020,77.5,,
04/06/2020,77.5,,22.83333333
05/06/2020,77.4,,
06/06/2020,77.5,,22.79333333
07/06/2020,77.3,,
08/06/2020,77.2,,23.08888889
09/06/2020,77.1,,
10/06/2020,77,,
11/06/2020,77,,22.41333333
12/06/2020,76.9,,
13/06/2020,76.7,,
14/06/2020,76.7,,
15/06/2020,76.6,,20.87111111
16/06/2020,76.5,,
17/06/2020,76.4,,
18/06/2020,76.2,,
19/06/2020,76.2,,
20/06/2020,76.1,,
21/06/2020,76.3,,19.95111111
22/06/2020,76.3,,
23/06/2020,76.5,,
24/06/2020,76.7,,
25/06/2020,76.8,,
26/06/2020,77,,
27/06/2020,77.1,,
28/06/2020,77,,
29/06/2020,77,,23.56888889
30/06/2020,76.8,,
01/07/2020,76.8,,
02/07/2020,76.7,,
03/07/2020,76.7,,17.43333333
04/07/2020,76.7,,
05/07/2020,76.7,,
06/07/2020,76.8,,
07/07/2020,76.9,,
08/07/2020,76.9,,
09/07/2020,76.9,,
10/07/2020,77,,
11/07/2020,77,,
12/07/2020,77,,
13/07/2020,77,,
14/07/2020,77.1,,
15/07/2020,77.1,,
16/07/2020,77.1,,
17/07/2020,77.1,,
18/07/2020,77.1,,
19/07/2020,77.2,,
20/07/2020,77.2,,
21/07/2020,77.3,,
22/07/2020,77.3,,
23/07/2020,77.4,,
24/07/2020,77.4,,
25/07/2020,77.4,,
26/07/2020,77.4,,
27/07/2020,77.4,,
28/07/2020,77.5,,
29/07/2020,77.7,,
30/07/2020,77.8,,
31/07/2020,77.9,,
01/08/2020,78,,
02/08/2020,78.2,,
03/08/2020,78.4,,
04/08/2020,78.5,,
05/08/2020,78.5,,
06/08/2020,78.6,,
07/08/2020,78.6,,
08/08/2020,78.7,,
09/08/2020,78.8,,
10/08/2020,78.8,,
11/08/2020,78.9,,
12/08/2020,78.9,,
13/08/2020,79,,
14/08/2020,79,,
15/08/2020,79.1,,
16/08/2020,79.2,,
17/08/2020,79.2,,
18/08/2020,79.3,,
19/08/2020,79.4,,
20/08/2020,79.5,,
21/08/2020,79.6,,
22/08/2020,79.6,,
23/08/2020,79.5,,
24/08/2020,79.5,,
25/08/2020,79.6,,
26/08/2020,79.6,,
27/08/2020,79.7,,
28/08/2020,79.8,,
29/08/2020,79.8,,
30/08/2020,79.9,,
31/08/2020,80.1,,
01/09/2020,79.9,,
02/09/2020,79.8,,
03/09/2020,79.7,,
04/09/2020,79.6,,
05/09/2020,79.7,,
06/09/2020,79.7,,
07/09/2020,79.5,,
08/09/2020,79.5,,
09/09/2020,79.4,,
10/09/2020,79.4,,
11/09/2020,79.3,,
12/09/2020,79.1,,
13/09/2020,79.2,,
14/09/2020,79.4,,
15/09/2020,79.6,,
16/09/2020,79.8,,
17/09/2020,79.9,,
18/09/2020,80.2,,
19/09/2020,80.3,,
20/09/2020,80.3,,
21/09/2020,80.4,,
22/09/2020,80.5,,
23/09/2020,80.6,,
24/09/2020,80.7,,
25/09/2020,80.7,,
26/09/2020,80.8,,
27/09/2020,80.7,,
28/09/2020,80.4,,
29/09/2020,80.2,,
30/09/2020,80.1,,
01/10/2020,80,,
02/10/2020,79.9,,
03/10/2020,79.7,,
04/10/2020,79.8,,
05/10/2020,79.9,,19.43555556
06/10/2020,80,,
07/10/2020,80,,
08/10/2020,80,,
09/10/2020,80.1,,
10/10/2020,80,,
11/10/2020,80.1,,
12/10/2020,80.1,,19.74666667
13/10/2020,79.9,,
14/10/2020,79.8,,
15/10/2020,79.7,,
16/10/2020,79.6,,
17/10/2020,79.7,,
18/10/2020,79.7,,
19/10/2020,79.7,,
20/10/2020,79.8,,
21/10/2020,79.9,,
22/10/2020,80.1,,
23/10/2020,80.2,,
24/10/2020,80.3,,
25/10/2020,80.4,,
26/10/2020,80.5,,
27/10/2020,80.6,,
28/10/2020,80.7,,
29/10/2020,80.8,,
30/10/2020,80.9,,
31/10/2020,80.8,,
01/11/2020,80.8,,
02/11/2020,80.8,,
03/11/2020,80.8,,
04/11/2020,80.8,,
05/11/2020,80.8,,
06/11/2020,80.8,,
07/11/2020,80.9,,
08/11/2020,80.9,,
09/11/2020,80.9,,
10/11/2020,80.9,,
11/11/2020,80.9,,
12/11/2020,80.9,,
13/11/2020,80.9,,
14/11/2020,80.7,,
15/11/2020,80.4,,
16/11/2020,80.1,,
17/11/2020,79.8,,
18/11/2020,79.5,,
19/11/2020,79.1,,
20/11/2020,78.8,,
21/11/2020,78.7,,
22/11/2020,78.7,,
23/11/2020,78.6,,
24/11/2020,78.5,,
25/11/2020,78.4,,
26/11/2020,78.3,,
27/11/2020,78.4,,
28/11/2020,78.4,,
29/11/2020,78.4,,
30/11/2020,78.5,,
01/12/2020,78.6,,
02/12/2020,78.7,,
03/12/2020,78.8,,
04/12/2020,78.7,,
05/12/2020,78.6,,
06/12/2020,78.5,,
07/12/2020,78.6,,
08/12/2020,78.5,,
09/12/2020,78.4,,
10/12/2020,78.4,,
11/12/2020,78.3,,
12/12/2020,78.4,,
13/12/2020,78.3,,
14/12/2020,78.1,,
15/12/2020,78,,
16/12/2020,77.9,,
17/12/2020,77.8,,
18/12/2020,78,,
19/12/2020,78.1,,
20/12/2020,78.3,,
21/12/2020,78.6,,
22/12/2020,79,,
23/12/2020,79.3,,
24/12/2020,79.6,,
25/12/2020,79.7,,
26/12/2020,79.7,,
27/12/2020,79.7,,
28/12/2020,79.6,,
29/12/2020,79.6,,
30/12/2020,79.6,,
31/12/2020,79.6,,
01/01/2021,79.6,,
02/01/2021,79.5,,
03/01/2021,79.4,,
04/01/2021,79.3,,
05/01/2021,79.1,,
06/01/2021,79,,
07/01/2021,78.9,,
08/01/2021,78.8,,
09/01/2021,78.8,,
10/01/2021,78.8,,
11/01/2021,78.8,,
12/01/2021,78.9,,
13/01/2021,78.9,,
14/01/2021,79,,
15/01/2021,79.1,,
16/01/2021,79.2,,
17/01/2021,79.2,,
18/01/2021,79.4,,
19/01/2021,79.3,,
20/01/2021,79.3,,
21/01/2021,79.3,,
22/01/2021,79.3,,
23/01/2021,79.2,,
24/01/2021,79.3,,
25/01/2021,79.2,,
26/01/2021,79.2,,
27/01/2021,79.2,,
28/01/2021,79.2,,
29/01/2021,79.3,,
30/01/2021,79.4,,
31/01/2021,79.5,,
01/02/2021,79.5,,
02/02/2021,79.5,,
03/02/2021,79.4,,
04/02/2021,79.3,,
05/02/2021,79.2,,
06/02/2021,79.2,,
07/02/2021,79.3,,
08/02/2021,79.4,,
09/02/2021,79.5,,
10/02/2021,79.8,,
11/02/2021,80,,
12/02/2021,80.3,,
13/02/2021,80.4,,
14/02/2021,80.6,,
15/02/2021,80.7,,
16/02/2021,80.9,,
17/02/2021,81.1,,
18/02/2021,81.2,,
19/02/2021,81.3,,
20/02/2021,81.4,,
21/02/2021,81.3,,
22/02/2021,81.4,,
23/02/2021,81.3,,
24/02/2021,81.2,,
25/02/2021,81.1,,
26/02/2021,81,,
27/02/2021,81,,
28/02/2021,81.1,,58.93111111
01/03/2021,81.3,,28.05111111
02/03/2021,81.5,,19.9
03/03/2021,81.7,,
04/03/2021,81.8,,
05/03/2021,81.9,,
06/03/2021,81.9,,
07/03/2021,82,,71.94888889
08/03/2021,81.9,,28.14888889
09/03/2021,81.7,,38.56666667
10/03/2021,81.5,,
11/03/2021,81.3,,
12/03/2021,81.3,,
13/03/2021,81.3,,
14/03/2021,81.1,,
15/03/2021,80.9,,56.08444444
16/03/2021,80.9,,22.50222222
17/03/2021,80.9,,
18/03/2021,80.9,,
19/03/2021,80.7,,
20/03/2021,80.7,,
21/03/2021,80.7,,81.08
22/03/2021,80.6,,
23/03/2021,80.4,,
24/03/2021,80.3,,
25/03/2021,80.1,,
26/03/2021,79.9,,63.48666667
27/03/2021,80.1,,
28/03/2021,80.1,,
29/03/2021,80.3,,
30/03/2021,80.4,,35.94444444
31/03/2021,80.5,,
01/04/2021,80.7,,
02/04/2021,80.8,,
03/04/2021,80.7,,
04/04/2021,80.7,,
05/04/2021,80.6,,
06/04/2021,80.6,,
07/04/2021,80.5,,
08/04/2021,80.5,,18.89777778
09/04/2021,80.4,,
10/04/2021,80.3,,4.464444444
11/04/2021,80.2,,
12/04/2021,80.2,,22.48666667
13/04/2021,80.2,,
14/04/2021,80.3,,76.19777778
15/04/2021,80.4,,
16/04/2021,80.4,,
17/04/2021,80.6,,11.70444444
18/04/2021,80.6,,
19/04/2021,80.5,,
20/04/2021,80.4,,24.68
21/04/2021,80.2,,
22/04/2021,80.1,,
23/04/2021,79.9,,
24/04/2021,79.8,,
25/04/2021,79.7,,
26/04/2021,79.8,,37.21777778
27/04/2021,79.9,,
28/04/2021,80,,
29/04/2021,80.1,,
30/04/2021,80.2,,
01/05/2021,80.2,,
02/05/2021,80.3,,
03/05/2021,80.3,,29.34444444
04/05/2021,80.3,,
05/05/2021,80.3,,
06/05/2021,80.3,,
07/05/2021,80.3,,
08/05/2021,80.3,,
09/05/2021,80.3,,
10/05/2021,80.3,,27.76444444
11/05/2021,80.3,,
12/05/2021,80.4,,
13/05/2021,80.4,,
14/05/2021,80.4,,
15/05/2021,80.3,,
16/05/2021,80.4,,
17/05/2021,80.3,,42.75555556
18/05/2021,80.2,,
19/05/2021,80.1,,
20/05/2021,80.1,,
21/05/2021,80,,
22/05/2021,79.9,,
23/05/2021,79.8,,
24/05/2021,79.8,,
25/05/2021,79.8,,
26/05/2021,79.8,,
27/05/2021,79.8,,26.13777778
28/05/2021,79.7,,
29/05/2021,79.8,,
30/05/2021,79.9,,
31/05/2021,80.1,,34.60444444
01/06/2021,80.3,,
02/06/2021,80.5,,
03/06/2021,80.7,,
04/06/2021,80.9,,
05/06/2021,81,,
06/06/2021,81.1,,
07/06/2021,81,,36.80888889
08/06/2021,80.9,,
09/06/2021,80.7,,
10/06/2021,80.6,,
11/06/2021,80.4,,
12/06/2021,80.2,,
13/06/2021,80,,
14/06/2021,79.8,,19.06888889
15/06/2021,79.7,,
16/06/2021,79.6,,
17/06/2021,79.4,,
18/06/2021,79.4,,
19/06/2021,79.4,,
20/06/2021,79.4,,
21/06/2021,79.5,,
22/06/2021,79.6,,
23/06/2021,79.7,,
24/06/2021,79.7,,
25/06/2021,79.8,,
26/06/2021,79.9,,
27/06/2021,80,,
28/06/2021,80.1,,25.56
29/06/2021,80.3,,
30/06/2021,80.4,,
01/07/2021,80.5,,
02/07/2021,80.5,,
03/07/2021,80.5,,
04/07/2021,80.5,,
05/07/2021,80.5,,
06/07/2021,80.4,,
07/07/2021,80.4,,
08/07/2021,80.4,,
09/07/2021,80.4,,
10/07/2021,80.4,,7.32
11/07/2021,80.4,,
12/07/2021,80.4,,
13/07/2021,80.7,,
14/07/2021,81,,
15/07/2021,81.3,,
16/07/2021,81.5,,
17/07/2021,81.8,,
18/07/2021,82,,
19/07/2021,82.2,,7.8
20/07/2021,82.1,,
21/07/2021,81.9,,
22/07/2021,81.8,,
23/07/2021,81.7,,
24/07/2021,81.7,,
25/07/2021,81.7,,
26/07/2021,81.7,,
27/07/2021,81.7,,
28/07/2021,81.7,,
29/07/2021,81.7,,
30/07/2021,81.7,,
31/07/2021,81.8,,
01/08/2021,81.9,,
02/08/2021,82,,
03/08/2021,82.1,,
04/08/2021,82.2,,
05/08/2021,82.3,,18.72666667
06/08/2021,82.4,,
07/08/2021,82.5,,
08/08/2021,82.5,,
09/08/2021,82.5,,
10/08/2021,82.5,,
11/08/2021,82.5,,
12/08/2021,82.5,,
13/08/2021,82.5,,
14/08/2021,82.4,,
15/08/2021,82.3,,
16/08/2021,82.3,,
17/08/2021,82.2,,
18/08/2021,82.3,,
19/08/2021,82.4,,
20/08/2021,82.3,,
21/08/2021,82.2,,
22/08/2021,82.1,,
23/08/2021,82,,
24/08/2021,82,,
25/08/2021,81.8,,
26/08/2021,81.7,,
27/08/2021,81.7,,
28/08/2021,81.7,,
29/08/2021,81.9,,
30/08/2021,82,,
31/08/2021,82.1,,
01/09/2021,82.3,,
02/09/2021,82.4,,
03/09/2021,82.5,,
04/09/2021,82.7,,
05/09/2021,82.8,,
06/09/2021,82.9,,28.34444444
07/09/2021,82.8,,
08/09/2021,82.6,,
09/09/2021,82.5,,
10/09/2021,82.4,,
11/09/2021,82.2,,
12/09/2021,82.1,,
13/09/2021,81.8,,
14/09/2021,81.7,,
15/09/2021,81.6,,
16/09/2021,81.6,,
17/09/2021,81.4,,
18/09/2021,81.4,,
19/09/2021,81.4,,
20/09/2021,81.4,,
21/09/2021,81.4,,
22/09/2021,81.5,,
23/09/2021,81.6,,
24/09/2021,81.7,,
25/09/2021,81.6,,
26/09/2021,81.6,,
27/09/2021,81.7,,37.07333333
28/09/2021,81.8,,
29/09/2021,81.8,,
30/09/2021,81.8,,
01/10/2021,81.8,,
02/10/2021,81.9,,
03/10/2021,81.9,,
04/10/2021,81.8,,25.52
05/10/2021,81.7,,
06/10/2021,81.6,,
07/10/2021,81.5,,
08/10/2021,81.4,,
09/10/2021,81.4,,
10/10/2021,81.2,,
11/10/2021,81.2,,31.50444444
12/10/2021,81.4,,
13/10/2021,81.5,,
14/10/2021,81.7,,
15/10/2021,81.7,,
16/10/2021,81.5,,
17/10/2021,81.5,,
18/10/2021,81.5,,
19/10/2021,81.4,,
20/10/2021,81.3,,
21/10/2021,81.2,,
22/10/2021,81.1,,
23/10/2021,81,,
24/10/2021,80.9,,
25/10/2021,80.9,,
26/10/2021,80.7,,
27/10/2021,80.5,,
28/10/2021,80.4,,
29/10/2021,80.4,,
30/10/2021,80.4,,
31/10/2021,80.6,,
01/11/2021,80.7,,
02/11/2021,80.8,,
03/11/2021,80.9,,
04/11/2021,81,,
05/11/2021,81,,
06/11/2021,81.3,,
07/11/2021,81.4,,
08/11/2021,81.5,,18.00888889
09/11/2021,81.4,,
10/11/2021,81.3,,
11/11/2021,81.3,,
12/11/2021,81.2,,
13/11/2021,80.9,,
14/11/2021,80.6,,
15/11/2021,80.2,,37.67333333
16/11/2021,80.1,,
17/11/2021,80,,
18/11/2021,79.9,,
19/11/2021,79.8,,
20/11/2021,79.8,,
21/11/2021,79.8,,
22/11/2021,79.8,,50.01333333
23/11/2021,79.8,,
24/11/2021,79.9,,
25/11/2021,79.9,,
26/11/2021,79.9,,
27/11/2021,79.9,,
28/11/2021,79.8,,
29/11/2021,79.6,,35.01777778
30/11/2021,79.5,,
01/12/2021,79.4,,
02/12/2021,79.2,,
03/12/2021,79.1,,
04/12/2021,79.1,,
05/12/2021,79.3,,
06/12/2021,79.4,,40.67111111
07/12/2021,79.4,,
08/12/2021,79.3,,
09/12/2021,79.3,,
10/12/2021,79.3,,21.77333333
11/12/2021,79.2,,
12/12/2021,79.1,,
13/12/2021,79.1,,
14/12/2021,79.1,,
15/12/2021,79.2,,
16/12/2021,79.2,,
17/12/2021,79.3,,
18/12/2021,79.3,,
19/12/2021,79.5,,
20/12/2021,79.5,,
21/12/2021,79.6,,
22/12/2021,79.7,,
23/12/2021,79.8,,
24/12/2021,79.8,,
25/12/2021,79.9,,
26/12/2021,79.8,,
27/12/2021,79.8,,
28/12/2021,79.7,,
29/12/2021,79.7,,
30/12/2021,79.6,,
31/12/2021,79.6,,
01/01/2022,79.5,,
02/01/2022,79.5,,
03/01/2022,79.4,,
04/01/2022,79.4,,
05/01/2022,79.4,,
06/01/2022,79.3,,
07/01/2022,79.3,,
08/01/2022,79.3,,
09/01/2022,79.3,,
10/01/2022,79.3,,35.67333333
11/01/2022,79.2,,
12/01/2022,79.2,,
13/01/2022,79.2,,
14/01/2022,79.3,,
15/01/2022,79.2,,
16/01/2022,79.3,,
17/01/2022,79.4,,43.86
18/01/2022,79.3,,
19/01/2022,79.3,,
20/01/2022,79.3,,
21/01/2022,79.3,,
22/01/2022,79.2,,
23/01/2022,79,,
24/01/2022,79.1,,
25/01/2022,79.3,,
26/01/2022,79.4,,
27/01/2022,79.6,,
28/01/2022,79.6,,
29/01/2022,79.7,,
30/01/2022,79.8,,
31/01/2022,79.7,,36.60222222
01/02/2022,79.6,,
02/02/2022,79.4,,
03/02/2022,79.3,,
04/02/2022,79.2,,
05/02/2022,79.1,,
06/02/2022,78.9,,
07/02/2022,78.9,,
08/02/2022,78.9,,
09/02/2022,78.8,,26.10666667
10/02/2022,78.8,,
11/02/2022,78.8,,
12/02/2022,78.8,,
13/02/2022,78.8,,
14/02/2022,78.9,,26.56
15/02/2022,79,,
16/02/2022,79.1,,39.39777778
17/02/2022,79.2,,
18/02/2022,79.3,,
19/02/2022,79.3,,
20/02/2022,79.3,,
21/02/2022,79.2,,
22/02/2022,79,,
23/02/2022,78.8,,
24/02/2022,78.6,,
25/02/2022,78.4,,
26/02/2022,78.2,,
27/02/2022,78.1,,
28/02/2022,78.2,,
01/03/2022,78.2,,
02/03/2022,78.3,,
03/03/2022,78.3,,
04/03/2022,78.4,,
05/03/2022,78.5,,
06/03/2022,78.4,,
07/03/2022,78.4,,60.22888889
08/03/2022,78.5,,
09/03/2022,78.5,,
10/03/2022,78.6,,
11/03/2022,78.6,,
12/03/2022,78.6,,
13/03/2022,78.6,,
14/03/2022,78.6,,42.32444444
15/03/2022,78.4,,31.46666667
16/03/2022,78.2,,
17/03/2022,77.9,,
18/03/2022,77.8,,
19/03/2022,77.7,,
20/03/2022,77.6,,
21/03/2022,77.6,,
22/03/2022,77.6,,
23/03/2022,77.6,,42.77555556
24/03/2022,77.7,,
25/03/2022,77.7,,
26/03/2022,77.7,,
27/03/2022,77.6,,
28/03/2022,77.5,,
29/03/2022,77.4,,30.81111111
30/03/2022,77.3,,
31/03/2022,77.2,,
01/04/2022,77.1,,
02/04/2022,77,,
03/04/2022,77.1,,
04/04/2022,77.1,,
05/04/2022,77.3,,37.10666667
06/04/2022,77.4,,54.2
07/04/2022,77.6,,
08/04/2022,77.6,,
09/04/2022,77.5,,
10/04/2022,77.4,,
11/04/2022,77.3,,
12/04/2022,77.1,,
13/04/2022,76.9,,
14/04/2022,76.7,,
15/04/2022,76.7,,
16/04/2022,76.7,,
17/04/2022,76.8,,
18/04/2022,76.9,,
19/04/2022,76.9,,
20/04/2022,77,,
21/04/2022,77,,
22/04/2022,77,,
23/04/2022,77,,
24/04/2022,77,,
25/04/2022,76.8,,
26/04/2022,76.8,,
27/04/2022,76.8,,
28/04/2022,76.8,,
29/04/2022,76.8,,
30/04/2022,76.8,,
01/05/2022,77,,
02/05/2022,77,,
03/05/2022,77,,
04/05/2022,77,,30.63777778
05/05/2022,77,,
06/05/2022,77,,
07/05/2022,77.2,,
08/05/2022,77.1,,
09/05/2022,77.3,,
10/05/2022,77.3,,
11/05/2022,77.3,,
12/05/2022,77.3,,
13/05/2022,77.3,,
14/05/2022,77.2,,
15/05/2022,77.1,,
16/05/2022,77,,
17/05/2022,77,,16.06222222
18/05/2022,77.1,,
19/05/2022,77.1,,
20/05/2022,77.1,,
21/05/2022,77,,
22/05/2022,76.9,,
23/05/2022,76.9,,
24/05/2022,76.9,,
25/05/2022,76.9,,
26/05/2022,76.9,,
27/05/2022,76.9,,
28/05/2022,76.9,,
29/05/2022,77,,
30/05/2022,77,,
31/05/2022,77,,
01/06/2022,77,,
02/06/2022,77,,
03/06/2022,77,,
04/06/2022,77,,
05/06/2022,77,,
06/06/2022,77,,
07/06/2022,77.1,,
08/06/2022,77.1,,
09/06/2022,77.2,,
10/06/2022,77.2,,
11/06/2022,77.3,,
12/06/2022,77.4,,
13/06/2022,77.3,,
14/06/2022,77.3,,
15/06/2022,77.2,,
16/06/2022,77.2,,
17/06/2022,77.1,,
18/06/2022,77.1,,
19/06/2022,77,,
20/06/2022,76.9,,3.96
21/06/2022,76.9,,
22/06/2022,76.8,,
23/06/2022,76.8,,15.92222222
24/06/2022,76.7,,17.20444444
25/06/2022,76.7,,25.23111111
26/06/2022,76.6,,
27/06/2022,76.8,,
28/06/2022,77,,
29/06/2022,77.2,,
30/06/2022,77.3,,
01/07/2022,77.5,,
02/07/2022,77.7,,
03/07/2022,77.9,,
04/07/2022,78.1,,15.41111111
05/07/2022,78.3,,58.23111111
06/07/2022,78.5,,
07/07/2022,78.6,,64.15777778
08/07/2022,78.8,,
09/07/2022,79,,
10/07/2022,79.2,,
11/07/2022,79.2,,
12/07/2022,79.2,,
13/07/2022,79.3,,18.83777778
14/07/2022,79.3,,
15/07/2022,79.4,,23.78222222
16/07/2022,79.4,,107.3377778
17/07/2022,79.5,,
18/07/2022,79.5,,
19/07/2022,79.7,,
20/07/2022,79.8,,
21/07/2022,79.9,,
22/07/2022,79.9,,68.61555556
23/07/2022,80,,
24/07/2022,80.1,,67.50666667
25/07/2022,80.2,,
26/07/2022,80.3,,63.41777778
27/07/2022,80.4,,
28/07/2022,80.5,,54.43555556
29/07/2022,80.5,,
30/07/2022,80.6,,16.34444444
31/07/2022,80.7,,
01/08/2022,80.8,,66.66222222
02/08/2022,80.8,,
03/08/2022,80.8,,54.46444444
04/08/2022,80.8,,
05/08/2022,80.7,,
06/08/2022,80.6,,
07/08/2022,80.5,,72.43333333
08/08/2022,80.4,,17.18888889
09/08/2022,80.3,,
10/08/2022,80.2,,
11/08/2022,80,,81.94
12/08/2022,80.1,,
13/08/2022,80,,23.09333333
14/08/2022,80,,
15/08/2022,80.1,,70.62
16/08/2022,80,,
17/08/2022,80,,62.13555556
18/08/2022,80,,23.81555556
19/08/2022,79.8,,
20/08/2022,79.7,,
21/08/2022,79.6,,59.26
22/08/2022,79.4,,
23/08/2022,79.3,,60.19555556
24/08/2022,79.3,,
25/08/2022,79.2,,
26/08/2022,79.3,,
27/08/2022,79.3,,
28/08/2022,79.4,,
29/08/2022,79.5,,
30/08/2022,79.5,,61.23555556
31/08/2022,79.5,,
01/09/2022,79.5,,
02/09/2022,79.5,,17.82222222
03/09/2022,79.6,,
04/09/2022,79.2,,43.92
05/09/2022,79.2,,
06/09/2022,79.3,,
07/09/2022,79.4,,66.26888889
08/09/2022,79.5,,
09/09/2022,79.5,,2.366666667
10/09/2022,79.5,,
11/09/2022,79.7,,13.25333333
12/09/2022,79.5,,10.96444444
13/09/2022,79.4,,
14/09/2022,79.2,,
15/09/2022,79.1,,
16/09/2022,79,,
17/09/2022,79,,
18/09/2022,79.3,,
19/09/2022,79.2,,
20/09/2022,79.2,,
21/09/2022,79.4,,11.12
22/09/2022,79.5,,
23/09/2022,79.6,,5.795555556
24/09/2022,79.5,,
25/09/2022,79.3,,
26/09/2022,79.5,,43.35555556
27/09/2022,79.5,,
28/09/2022,79.4,,10.20222222
29/09/2022,79.2,,
30/09/2022,79.2,,0.948888889
01/10/2022,79.2,,
02/10/2022,79.1,,54.94444444
03/10/2022,79.1,,7.571111111
04/10/2022,79.1,,
05/10/2022,79,,
06/10/2022,79,,
07/10/2022,78.9,,13.65111111
08/10/2022,78.9,,
09/10/2022,78.8,,
10/10/2022,78.7,,
11/10/2022,78.7,,
12/10/2022,78.6,,17.46
13/10/2022,78.6,,
14/10/2022,78.5,,24.60444444
15/10/2022,78.3,,
16/10/2022,78.4,,
17/10/2022,78.2,,
18/10/2022,78.2,,
19/10/2022,78.2,,10.85555556
20/10/2022,78.2,,
21/10/2022,78.2,,0.913333333
22/10/2022,78.2,,
23/10/2022,78,,
24/10/2022,78,,3.828888889
25/10/2022,78,,
26/10/2022,78,,12.64444444
27/10/2022,78,,
28/10/2022,78,,
29/10/2022,78.1,,
30/10/2022,78.2,,
31/10/2022,78.3,,
01/11/2022,78.3,,
02/11/2022,78.3,,
03/11/2022,78.3,,
04/11/2022,78.3,,
05/11/2022,78.3,,
06/11/2022,78.3,,
07/11/2022,78.3,,
08/11/2022,78.3,,
09/11/2022,78.2,,18.45333333
10/11/2022,78.2,,
11/11/2022,78.2,,
12/11/2022,78.1,,
13/11/2022,78,,
14/11/2022,77.9,,8.997777778
15/11/2022,77.8,,
16/11/2022,77.8,,
17/11/2022,77.8,,
18/11/2022,77.7,,0.686666667
19/11/2022,77.7,,
20/11/2022,77.8,,
21/11/2022,77.8,,
22/11/2022,77.8,,2.08
23/11/2022,77.7,,
24/11/2022,77.6,,
25/11/2022,77.6,,1.66
26/11/2022,77.6,,
27/11/2022,77.6,,
28/11/2022,77.6,,
29/11/2022,77.7,,16
30/11/2022,77.7,,
01/12/2022,77.8,,
02/12/2022,77.8,,
03/12/2022,77.6,,
04/12/2022,77.4,,
05/12/2022,77.3,,
06/12/2022,77.2,,
07/12/2022,77,,17.01333333
08/12/2022,76.9,,
09/12/2022,76.7,,1.811111111
10/12/2022,76.7,,
11/12/2022,76.6,,
12/12/2022,76.6,,3.984444444
13/12/2022,76.5,,
14/12/2022,76.5,,
15/12/2022,76.4,,
16/12/2022,76.4,,4.593333333
17/12/2022,76.5,,
18/12/2022,76.6,,
19/12/2022,76.7,,
20/12/2022,76.7,,
21/12/2022,76.8,,
22/12/2022,76.9,,
23/12/2022,77,,
24/12/2022,77,,
25/12/2022,77.1,,
26/12/2022,77.1,,
27/12/2022,77.1,,
28/12/2022,77.1,,
29/12/2022,77.2,,
30/12/2022,77.2,,
31/12/2022,77.2,,
01/01/2023,77.2,,
02/01/2023,77.3,,
03/01/2023,77.4,,
04/01/2023,77.5,,21.64222222
05/01/2023,77.6,,
06/01/2023,77.7,,
07/01/2023,77.8,,
08/01/2023,77.8,,
09/01/2023,78.1,,20.07777778
10/01/2023,78.2,,
11/01/2023,78.3,,
12/01/2023,78.4,,
13/01/2023,78.5,,1.722222222
14/01/2023,78.6,,
15/01/2023,78.5,,
16/01/2023,78.3,,29.61111111
17/01/2023,78.1,,
18/01/2023,78,,13.29777778
19/01/2023,77.9,,
20/01/2023,77.7,,3.757777778
21/01/2023,77.5,,
22/01/2023,77.5,,
23/01/2023,77.5,,
24/01/2023,77.5,,
25/01/2023,77.5,,
26/01/2023,77.5,,
27/01/2023,77.5,,0.737777778
28/01/2023,77.6,,
29/01/2023,77.7,,
30/01/2023,77.8,,10.60222222
31/01/2023,77.7,,
01/02/2023,77.7,,18.09111111
02/02/2023,77.6,,
03/02/2023,77.6,,
04/02/2023,77.5,,
05/02/2023,77.6,,
06/02/2023,77.7,,
07/02/2023,77.6,,
08/02/2023,77.5,,
09/02/2023,77.4,,
10/02/2023,77.3,,1.082222222
11/02/2023,77.3,,
12/02/2023,77.2,,
13/02/2023,77.1,,11.02888889
14/02/2023,77.3,,
15/02/2023,77.4,,
16/02/2023,77.6,,
17/02/2023,77.8,,0.335555556
18/02/2023,77.9,,
19/02/2023,78,,
20/02/2023,78,,30.34444444
21/02/2023,78.1,,
22/02/2023,78.1,,11.83333333
23/02/2023,78.1,,
24/02/2023,78.1,,
25/02/2023,78.1,,
26/02/2023,78,,
27/02/2023,78,,
28/02/2023,77.9,,
01/03/2023,77.9,,
02/03/2023,77.9,,
03/03/2023,77.9,,
04/03/2023,77.8,,
05/03/2023,77.8,,
06/03/2023,77.7,,8.024444444
07/03/2023,77.6,,
08/03/2023,77.6,,
09/03/2023,77.5,,
10/03/2023,77.5,,2.306666667
11/03/2023,77.5,,
12/03/2023,77.6,,
13/03/2023,77.6,,
14/03/2023,77.6,,
15/03/2023,77.7,,25.92888889
16/03/2023,77.7,,
17/03/2023,77.7,,0.888888889
18/03/2023,77.6,,
19/03/2023,77.6,,
20/03/2023,77.6,,18.5
21/03/2023,77.6,,
22/03/2023,77.5,,
23/03/2023,77.5,,
24/03/2023,77.5,,
25/03/2023,77.4,,
26/03/2023,77.4,,
27/03/2023,77.4,,
28/03/2023,77.4,,
29/03/2023,77.4,,10.47333333
30/03/2023,77.4,,
31/03/2023,77.4,,
01/04/2023,77.4,,
02/04/2023,77.3,,
03/04/2023,77.2,,9.94
04/04/2023,77.1,,
05/04/2023,77.1,,
06/04/2023,77,,
07/04/2023,76.9,,
08/04/2023,76.8,,
09/04/2023,76.8,,
10/04/2023,77,,22.88222222
11/04/2023,77.1,,
12/04/2023,77.2,,
13/04/2023,77.3,,
14/04/2023,77.4,,1.344444444
15/04/2023,77.5,,
16/04/2023,77.6,,
17/04/2023,77.5,,
18/04/2023,77.5,,
19/04/2023,77.4,,
20/04/2023,77.4,,
21/04/2023,77.3,,2.395555556
22/04/2023,77.3,,
23/04/2023,77.2,,
24/04/2023,77.1,,
25/04/2023,77.2,,
26/04/2023,77.2,,
27/04/2023,77.2,,
28/04/2023,77.3,,3.775555556
29/04/2023,77.3,,
30/04/2023,77.3,,
01/05/2023,77.4,,
02/05/2023,77.4,,
03/05/2023,77.4,,6.4
04/05/2023,77.5,,
05/05/2023,77.5,,7.553333333
06/05/2023,77.5,,
07/05/2023,77.6,,
08/05/2023,77.5,,
09/05/2023,77.5,,5.735555556
10/05/2023,77.5,,
11/05/2023,77.5,,
12/05/2023,77.5,,1.106666667
13/05/2023,77.5,,
14/05/2023,77.6,,
15/05/2023,77.7,,8.162222222
16/05/2023,77.7,,35.52888889
17/05/2023,77.8,,
18/05/2023,77.8,,
19/05/2023,77.9,,
20/05/2023,77.9,,
21/05/2023,77.9,,
22/05/2023,77.8,,
23/05/2023,77.5,,46.52
24/05/2023,77.4,,
25/05/2023,77.2,,
26/05/2023,77,,5.526666667
27/05/2023,76.7,,
28/05/2023,76.6,,
29/05/2023,76.5,,50.57333333
30/05/2023,76.4,,
31/05/2023,76.4,,48.75333333
01/06/2023,76.4,,
02/06/2023,76.3,,9.093333333
03/06/2023,76.3,,
04/06/2023,76.4,,
05/06/2023,76.5,,
06/06/2023,76.6,,
07/06/2023,76.7,,32.09333333
08/06/2023,76.8,,
09/06/2023,76.8,,36.52888889
10/06/2023,76.9,,
11/06/2023,77,,
12/06/2023,77,,46.87111111
13/06/2023,77,,0.108888889
14/06/2023,77,,
15/06/2023,77,,
16/06/2023,77,,
17/06/2023,76.9,,
18/06/2023,76.9,,
19/06/2023,76.8,,
20/06/2023,76.8,,
21/06/2023,76.7,,
22/06/2023,76.7,,
23/06/2023,76.6,,
24/06/2023,76.5,,
25/06/2023,76.5,,
26/06/2023,76.6,,50.90888889
27/06/2023,76.7,,
28/06/2023,76.8,,
29/06/2023,76.8,,43.63111111
30/06/2023,76.9,,
01/07/2023,77.1,,
02/07/2023,77.2,,
03/07/2023,77.2,,
04/07/2023,77.2,,50.36444444
05/07/2023,77.1,,
06/07/2023,77.1,,
07/07/2023,77.1,,
08/07/2023,77.2,,
09/07/2023,77.3,,15.01555556
10/07/2023,77.4,,
11/07/2023,77.6,,
12/07/2023,77.7,,
13/07/2023,77.9,,
14/07/2023,78,,
15/07/2023,78.1,,
16/07/2023,78.1,,
17/07/2023,78.2,,
18/07/2023,78.2,,
19/07/2023,78.3,,
20/07/2023,78.3,,
21/07/2023,78.3,,
22/07/2023,78.4,,
23/07/2023,78.5,,
24/07/2023,78.6,,
25/07/2023,78.7,,
26/07/2023,78.8,,
27/07/2023,78.9,,
28/07/2023,78.9,,
29/07/2023,78.9,,
30/07/2023,78.7,,32.97333333
31/07/2023,78.5,,
01/08/2023,78.3,,
02/08/2023,78.2,,58.93555556
03/08/2023,78,,
04/08/2023,77.9,,
05/08/2023,78.1,,
06/08/2023,78.2,,
07/08/2023,78.3,,27.34222222
08/08/2023,78.2,,
09/08/2023,78.2,,
10/08/2023,78.1,,
11/08/2023,77.9,,31.67555556
12/08/2023,77.7,,
13/08/2023,77.6,,
14/08/2023,77.5,,
15/08/2023,77.6,,
16/08/2023,77.7,,23.41333333
17/08/2023,77.8,,
18/08/2023,78,,0.162222222
19/08/2023,77.9,,
20/08/2023,78,,32.78
21/08/2023,78,,
22/08/2023,77.9,,
23/08/2023,77.8,,
24/08/2023,77.8,,
25/08/2023,77.6,,
26/08/2023,77.8,,
27/08/2023,77.9,,
28/08/2023,78.1,,
29/08/2023,78.2,,
30/08/2023,78.4,,
31/08/2023,78.5,,
01/09/2023,78.7,,0.955555556
02/09/2023,78.6,,
03/09/2023,78.5,,
04/09/2023,78.5,,50.31333333
05/09/2023,78.5,,
06/09/2023,78.5,,
07/09/2023,78.4,,
08/09/2023,78.4,,0.068888889
09/09/2023,78.4,,
10/09/2023,78.3,,50.92666667
11/09/2023,78.1,,
12/09/2023,77.9,,
13/09/2023,77.7,,
14/09/2023,77.5,,
15/09/2023,77.3,,0.12
16/09/2023,77.2,,
17/09/2023,77.2,,
18/09/2023,77.2,,
19/09/2023,77.2,,
20/09/2023,77.2,,
21/09/2023,77.2,,
22/09/2023,77.1,,
23/09/2023,77.1,,
24/09/2023,77.1,,
25/09/2023,77.1,,
26/09/2023,77.1,,
27/09/2023,77.1,,
28/09/2023,77.2,,
29/09/2023,77.2,,1.357777778
30/09/2023,77.4,,
01/10/2023,77.6,,
02/10/2023,77.7,,22.62444444
03/10/2023,77.6,,
04/10/2023,77.6,,
05/10/2023,77.5,,
06/10/2023,77.4,,4.72
07/10/2023,77.5,,
08/10/2023,77.4,,
09/10/2023,77.4,,
10/10/2023,77.5,,
11/10/2023,77.6,,
12/10/2023,77.6,,
13/10/2023,77.7,,3.177777778
14/10/2023,77.6,,
15/10/2023,77.7,,
16/10/2023,77.8,,15.04888889
17/10/2023,77.9,,
18/10/2023,78,,
19/10/2023,78,,
20/10/2023,78.1,,
21/10/2023,78,,
22/10/2023,77.9,,
23/10/2023,77.8,,
24/10/2023,77.8,,
25/10/2023,77.9,,
26/10/2023,77.9,,
27/10/2023,78,,
28/10/2023,78,,
29/10/2023,78.1,,
30/10/2023,78.1,,
31/10/2023,78.2,,
01/11/2023,78.2,,
02/11/2023,78.2,,
03/11/2023,78.3,,
04/11/2023,78.4,,
05/11/2023,78.5,,
06/11/2023,78.6,,27.57555556
07/11/2023,78.6,,
08/11/2023,78.6,,
09/11/2023,78.7,,
10/11/2023,78.6,,3.055555556
11/11/2023,78.6,,
12/11/2023,78.5,,
13/11/2023,78.4,,25.58888889
14/11/2023,78.5,,
15/11/2023,78.5,,
16/11/2023,78.5,,
17/11/2023,78.6,,
18/11/2023,78.7,,
19/11/2023,78.8,,
20/11/2023,78.8,,
21/11/2023,78.8,,
22/11/2023,78.8,,18.85777778
23/11/2023,78.8,,
24/11/2023,79,,
25/11/2023,78.9,,
26/11/2023,78.8,,
27/11/2023,78.7,,12.39333333
28/11/2023,78.6,,
29/11/2023,78.6,,
30/11/2023,78.5,,
01/12/2023,78.2,,
02/12/2023,78.2,,
03/12/2023,78.3,,
04/12/2023,78.4,,21.83777778
05/12/2023,78.4,,
06/12/2023,78.6,,
07/12/2023,78.7,,
08/12/2023,78.8,,
09/12/2023,78.8,,
10/12/2023,78.8,,
11/12/2023,78.8,,20.08444444
12/12/2023,78.9,,
13/12/2023,78.9,,
14/12/2023,78.9,,
15/12/2023,79,,
16/12/2023,78.8,,
17/12/2023,78.8,,
18/12/2023,78.7,,
19/12/2023,78.6,,
20/12/2023,78.7,,
21/12/2023,78.7,,
22/12/2023,78.7,,
23/12/2023,78.8,,
24/12/2023,78.8,,
25/12/2023,78.9,,
26/12/2023,79,,
27/12/2023,79,,
28/12/2023,79.1,,
29/12/2023,79.2,,
30/12/2023,79.3,,
31/12/2023,79.5,,
01/01/2024,79.6,,
02/01/2024,79.7,,
03/01/2024,79.8,,
04/01/2024,79.8,,
05/01/2024,79.9,,
06/01/2024,80,,
07/01/2024,80,,
08/01/2024,80,,
09/01/2024,80.1,,
10/01/2024,80.1,,
11/01/2024,80.2,,
12/01/2024,80.2,,
13/01/2024,80.2,,
14/01/2024,80.2,,
15/01/2024,80,,14.44
16/01/2024,79.8,,
17/01/2024,79.6,,
18/01/2024,79.4,,
19/01/2024,79.2,,
20/01/2024,79.1,,
21/01/2024,79.1,,
22/01/2024,79.2,,20.88666667
23/01/2024,79.3,,
24/01/2024,79.3,,
25/01/2024,79.3,,
26/01/2024,79.5,,
27/01/2024,79.5,,
28/01/2024,79.4,,
29/01/2024,79.3,,17.68666667
30/01/2024,79.4,,
31/01/2024,79.4,,
01/02/2024,79.5,,
02/02/2024,79.4,,
03/02/2024,79.3,,
04/02/2024,79.3,,
05/02/2024,79.2,,
06/02/2024,79.2,,
07/02/2024,79.1,,
08/02/2024,79,,
09/02/2024,79,,
10/02/2024,78.8,,
11/02/2024,78.8,,
12/02/2024,78.7,,24.81555556
13/02/2024,78.8,,
14/02/2024,78.8,,
15/02/2024,78.8,,
16/02/2024,78.7,,
17/02/2024,78.7,,
18/02/2024,78.6,,
19/02/2024,78.5,,
20/02/2024,78.4,,
21/02/2024,78.3,,
22/02/2024,78.2,,
23/02/2024,78.2,,
24/02/2024,78.2,,
25/02/2024,78.3,,
26/02/2024,78.4,,
27/02/2024,78.5,,
28/02/2024,78.7,,
29/02/2024,78.8,,
01/03/2024,78.9,,
02/03/2024,79.1,,
03/03/2024,79,,
04/03/2024,79.1,,
05/03/2024,79.1,,
06/03/2024,79.2,,
07/03/2024,79.2,,
08/03/2024,79.2,,6.748888889
09/03/2024,79.1,,
10/03/2024,79.2,,
11/03/2024,79.1,,
12/03/2024,79,,
13/03/2024,78.9,,
14/03/2024,78.8,,
15/03/2024,78.7,,10.28666667
16/03/2024,78.7,,
17/03/2024,78.8,,
18/03/2024,78.8,,
19/03/2024,78.8,,
20/03/2024,78.7,,
21/03/2024,78.7,,
22/03/2024,78.7,,5.384444444
23/03/2024,78.7,,
24/03/2024,78.6,,
25/03/2024,78.6,,
26/03/2024,78.8,,
27/03/2024,78.9,,
28/03/2024,79.1,,
29/03/2024,79.3,,
30/03/2024,79.4,,
31/03/2024,79.5,,
01/04/2024,79.6,,
02/04/2024,79.6,,
03/04/2024,79.6,,
04/04/2024,79.6,,
05/04/2024,79.7,,
06/04/2024,79.7,,
07/04/2024,79.6,,
08/04/2024,79.6,,
09/04/2024,79.5,,
10/04/2024,79.4,,
11/04/2024,79.2,,
12/04/2024,79.2,,16.97777778
13/04/2024,79,,
14/04/2024,79,,
15/04/2024,78.8,,6.386666667
16/04/2024,78.9,,
17/04/2024,79,,93.08
18/04/2024,79.1,,
19/04/2024,78.8,,9.635555556
20/04/2024,78.7,,
21/04/2024,78.7,,
22/04/2024,78.6,,15.36222222
23/04/2024,78.4,,54.26888889
24/04/2024,78.3,,15.20666667
25/04/2024,78.2,,
26/04/2024,78.2,,13.31777778
27/04/2024,78.1,,
28/04/2024,78,,46.62222222
29/04/2024,78.1,,17.73333333
30/04/2024,78.1,,
01/05/2024,78.1,,
02/05/2024,78.1,,
03/05/2024,78.1,,13.81777778
04/05/2024,78.3,,
05/05/2024,78.5,,
06/05/2024,78.6,,21.71333333
07/05/2024,78.7,,
08/05/2024,78.8,,
09/05/2024,79,,
10/05/2024,79.1,,
11/05/2024,79.1,,
12/05/2024,79,,
13/05/2024,78.9,,18.73777778
14/05/2024,78.9,,
15/05/2024,78.9,,
16/05/2024,78.9,,38.64666667
17/05/2024,78.8,,
18/05/2024,78.8,,
19/05/2024,78.8,,
20/05/2024,78.8,,3.791111111
21/05/2024,78.7,,
22/05/2024,78.6,,62.49777778
23/05/2024,78.5,,59.29777778
24/05/2024,78.4,,
25/05/2024,78.3,,58.93111111
26/05/2024,78.3,,37.69555556
27/05/2024,78.3,,
28/05/2024,78.3,,66.11555556
29/05/2024,78.5,,
30/05/2024,78.6,,
31/05/2024,78.8,,
01/06/2024,79,,
02/06/2024,79.2,,
03/06/2024,79.2,,
04/06/2024,79.4,,
05/06/2024,79.3,,
06/06/2024,79.2,,43.88444444
07/06/2024,79.2,,11.56666667
08/06/2024,79.1,,
09/06/2024,79.1,,61.28666667
10/06/2024,79.2,,
11/06/2024,79.2,,37.36888889
12/06/2024,79.2,,
13/06/2024,79.2,,59.02
14/06/2024,79.3,,
15/06/2024,79.4,,
16/06/2024,79.4,,35.88666667
17/06/2024,79.4,,5.011111111
18/06/2024,79.5,,66.46888889
19/06/2024,79.6,,
20/06/2024,79.7,,74.92444444
21/06/2024,79.8,,39.46444444
22/06/2024,79.9,,
23/06/2024,80,,
24/06/2024,80.1,,
25/06/2024,80.2,,
26/06/2024,80.3,,
27/06/2024,80.4,,
28/06/2024,80.4,,
29/06/2024,80.5,,
30/06/2024,80.6,,
01/07/2024,80.7,,
02/07/2024,80.7,,62.18222222
03/07/2024,80.8,,
04/07/2024,80.8,,50.99555556
05/07/2024,80.9,,
06/07/2024,80.9,,
07/07/2024,80.9,,52.79333333
08/07/2024,81,,
09/07/2024,81.1,,80.49333333
10/07/2024,81.2,,
11/07/2024,81.3,,
12/07/2024,81.4,,
13/07/2024,81.5,,
14/07/2024,81.5,,
15/07/2024,81.5,,
16/07/2024,81.5,,
17/07/2024,81.5,,
18/07/2024,81.5,,
19/07/2024,81.5,,
20/07/2024,81.5,,
21/07/2024,81.5,,
22/07/2024,81.5,,
23/07/2024,81.5,,55.38
24/07/2024,81.5,,
25/07/2024,81.5,,46.7
26/07/2024,81.5,,
27/07/2024,81.5,,
28/07/2024,81.5,,
29/07/2024,81.6,,35.57777778
30/07/2024,81.6,,
31/07/2024,81.7,,48.78888889
01/08/2024,81.7,,
02/08/2024,81.8,,
03/08/2024,81.9,,
04/08/2024,81.9,,107.68
05/08/2024,82,,40.80444444
06/08/2024,82.1,,
07/08/2024,82.2,,
08/08/2024,82.2,,4.986666667
09/08/2024,82.3,,
10/08/2024,82.3,,
11/08/2024,82.3,,11.10888889
12/08/2024,82.4,,1.126666667
13/08/2024,82.5,,
14/08/2024,82.6,,5.062222222
15/08/2024,82.6,,60.19555556
16/08/2024,82.7,,
17/08/2024,82.7,,
18/08/2024,82.7,,
19/08/2024,82.5,,51.77555556
20/08/2024,82.4,,
21/08/2024,82.2,,2.791111111
22/08/2024,82.1,,19.21111111
23/08/2024,81.9,,
24/08/2024,82,,
25/08/2024,81.9,,
26/08/2024,81.7,,58.19777778
27/08/2024,81.5,,5.397777778
28/08/2024,81.3,,49.26222222
29/08/2024,81.1,,61.79111111
30/08/2024,80.9,,
31/08/2024,80.8,,
01/09/2024,80.9,,111.16
02/09/2024,80.8,,
03/09/2024,80.8,,8.462222222
04/09/2024,80.8,,86.60444444
05/09/2024,80.7,,53.96444444
06/09/2024,80.7,,33.51555556
07/09/2024,80.5,,
08/09/2024,80.3,,57.92888889
09/09/2024,80.4,,15.14666667
10/09/2024,80.3,,
11/09/2024,80.3,,
12/09/2024,80.2,,53.30666667
13/09/2024,80.2,,
14/09/2024,80,,
15/09/2024,79.8,,
16/09/2024,79.6,,
17/09/2024,79.5,,21.51111111
18/09/2024,79.4,,
19/09/2024,79.3,,54.95333333
20/09/2024,79.2,,49.48888889
21/09/2024,79.2,,
22/09/2024,79,,20.36666667
23/09/2024,78.9,,
24/09/2024,78.8,,
25/09/2024,78.7,,
26/09/2024,78.5,,0.648888889
27/09/2024,78.5,,
28/09/2024,78.4,,
29/09/2024,78.3,,
30/09/2024,78.2,,7.348888889
01/10/2024,78.3,,
02/10/2024,78.2,,50.06444444
03/10/2024,78.2,,35.18666667
04/10/2024,78.1,,59.04666667
05/10/2024,78,,
06/10/2024,78.1,,63.10666667
07/10/2024,78.2,,20.99777778
08/10/2024,78.1,,69.12666667
09/10/2024,78.1,,
10/10/2024,78.1,,
11/10/2024,78.1,,
12/10/2024,78,,92.59777778
13/10/2024,77.9,,
14/10/2024,77.7,,17.12666667
15/10/2024,77.6,,58.76888889
16/10/2024,77.4,,
17/10/2024,77.2,,54.74
18/10/2024,77.2,,58.01111111
19/10/2024,77.1,,
20/10/2024,77,,63.83777778
21/10/2024,76.8,,
22/10/2024,76.9,,
23/10/2024,77,,
24/10/2024,77,,
25/10/2024,77,,
26/10/2024,77.2,,
27/10/2024,77.4,,
28/10/2024,77.7,,
29/10/2024,77.8,,
30/10/2024,77.8,,
31/10/2024,78,,
01/11/2024,78.1,,
02/11/2024,78.1,,
03/11/2024,78.2,,
04/11/2024,78.2,,
05/11/2024,78.2,,
06/11/2024,78.3,,
07/11/2024,78.3,,14.34
08/11/2024,78.3,,59.16222222
09/11/2024,78.3,,
10/11/2024,78.3,,43.60888889
11/11/2024,78.2,,13.19555556
12/11/2024,78.1,,
13/11/2024,78,,
14/11/2024,77.9,,
15/11/2024,77.8,,64.92666667
16/11/2024,77.6,,
17/11/2024,77.6,,
18/11/2024,77.6,,8.886666667
19/11/2024,77.5,,
20/11/2024,77.4,,
21/11/2024,77.4,,
22/11/2024,77.2,,
23/11/2024,77.1,,
24/11/2024,76.9,,
25/11/2024,76.6,,
26/11/2024,76.5,,
27/11/2024,76.4,,13.03333333
28/11/2024,76.2,,
29/11/2024,76.1,,39.95333333
30/11/2024,76,,
01/12/2024,76.1,,
02/12/2024,76.2,,8.635555556
03/12/2024,76.3,,
04/12/2024,76.4,,
05/12/2024,76.5,,
06/12/2024,76.6,,
07/12/2024,76.7,,
08/12/2024,76.6,,
09/12/2024,76.6,,
10/12/2024,76.6,,8.124444444
11/12/2024,76.5,,
12/12/2024,76.5,,
13/12/2024,76.4,,
14/12/2024,76.5,,
15/12/2024,76.6,,
16/12/2024,76.6,,
17/12/2024,76.7,,
18/12/2024,76.7,,
19/12/2024,76.7,,22.04
20/12/2024,76.8,,
21/12/2024,76.7,,
22/12/2024,76.6,,
23/12/2024,76.8,,
24/12/2024,76.9,,
25/12/2024,77.1,,
26/12/2024,77.4,,
27/12/2024,77.6,,
28/12/2024,77.9,,
29/12/2024,78.2,,13.66888889
30/12/2024,78.2,,19.95555556
31/12/2024,78.5,,47.71777778
01/01/2025,78.7,,38.81555556
02/01/2025,78.8,,19.53555556
03/01/2025,79,,25.84888889
04/01/2025,79.1,,
05/01/2025,79.2,,
06/01/2025,79.4,,
07/01/2025,79.4,,
08/01/2025,79.2,,
09/01/2025,79.2,,9.844444444
10/01/2025,79,,
11/01/2025,78.9,,
12/01/2025,78.8,,
13/01/2025,78.6,,
14/01/2025,78.5,,31.85333333
15/01/2025,78.6,,
16/01/2025,78.5,,6.031111111
17/01/2025,78.5,,
18/01/2025,78.5,,
19/01/2025,78.5,,
20/01/2025,78.4,,
21/01/2025,78.2,,20.06666667
22/01/2025,78.1,,
23/01/2025,77.9,,1.637777778
24/01/2025,77.9,,
25/01/2025,77.8,,
26/01/2025,77.7,,
27/01/2025,77.9,,31.47111111
28/01/2025,77.9,,7.033333333
29/01/2025,77.9,,
30/01/2025,78,,1.12
31/01/2025,78,,
01/02/2025,78.1,,
02/02/2025,78.2,,
03/02/2025,78,,36.11555556
04/02/2025,77.9,,7.822222222
05/02/2025,77.8,,
06/02/2025,77.7,,1.282222222
07/02/2025,77.6,,
08/02/2025,77.5,,
09/02/2025,77.3,,
10/02/2025,77.3,,29.12222222
11/02/2025,77.2,,10.43111111
12/02/2025,77.2,,
13/02/2025,77.2,,1.064444444
14/02/2025,77.1,,
15/02/2025,77.1,,3.635555556
16/02/2025,77.1,,8.548888889
17/02/2025,77,,
18/02/2025,76.9,,
19/02/2025,76.8,,
20/02/2025,76.7,,
21/02/2025,76.8,,
22/02/2025,76.8,,
23/02/2025,76.9,,
24/02/2025,77,,
25/02/2025,77.2,,
26/02/2025,77.3,,
27/02/2025,77.5,,
28/02/2025,77.6,,
01/03/2025,77.7,,
02/03/2025,77.8,,
03/03/2025,77.8,,
04/03/2025,77.7,,
05/03/2025,77.6,,
06/03/2025,77.5,,1.64
07/03/2025,77.4,,
08/03/2025,77.4,,
09/03/2025,77.3,,51.40888889
10/03/2025,77.2,,26.39555556
11/03/2025,77.2,,
12/03/2025,77.2,,
13/03/2025,77.2,,2.448888889
14/03/2025,77.2,,
15/03/2025,77.1,,
16/03/2025,77.1,,45.91555556
17/03/2025,77.2,,14.61111111
18/03/2025,77.1,,
19/03/2025,77,,
20/03/2025,76.9,,
21/03/2025,77,,
22/03/2025,76.9,,13.88444444
23/03/2025,76.9,,
24/03/2025,76.9,,
25/03/2025,77,,
26/03/2025,77.2,,12.74222222
27/03/2025,77.3,,
28/03/2025,77.3,,
29/03/2025,77.3,,
30/03/2025,77.3,,
31/03/2025,77.2,,
01/04/2025,77.1,,
02/04/2025,76.9,,
03/04/2025,76.8,,66.34888889
04/04/2025,76.6,,1.173333333
05/04/2025,76.6,,
06/04/2025,76.6,,
07/04/2025,76.6,,16.93555556
08/04/2025,76.7,,
09/04/2025,76.8,,
10/04/2025,76.9,,
11/04/2025,76.9,,
12/04/2025,77,,
13/04/2025,76.9,,34.35111111
14/04/2025,76.9,,15.75333333
15/04/2025,76.9,,
16/04/2025,76.9,,37.51777778
17/04/2025,76.9,,
18/04/2025,76.9,,
19/04/2025,76.8,,
20/04/2025,76.8,,
21/04/2025,76.8,,
22/04/2025,76.7,,18.18888889
23/04/2025,76.7,,
24/04/2025,76.7,,
25/04/2025,76.7,,
26/04/2025,76.7,,
27/04/2025,76.7,,
28/04/2025,76.8,,4.871111111
29/04/2025,76.9,,
30/04/2025,76.9,,
01/05/2025,77,,
02/05/2025,77.1,,0.331111111
03/05/2025,77,,
04/05/2025,76.8,,43.10444444
05/05/2025,76.7,,14.8
06/05/2025,76.5,,
07/05/2025,76.3,,40.01111111
08/05/2025,76,,6.537777778
09/05/2025,75.8,,
10/05/2025,75.8,,
11/05/2025,75.7,,
12/05/2025,75.6,,14.20444444
13/05/2025,75.5,,
14/05/2025,75.5,,
15/05/2025,75.4,,
16/05/2025,75.4,,43.29111111
17/05/2025,75.4,,
18/05/2025,75.5,,38.95111111
19/05/2025,75.3,,12.32888889
20/05/2025,75.2,,
21/05/2025,75.2,,
22/05/2025,75.1,,
23/05/2025,75,,
24/05/2025,75,,
25/05/2025,75,,
26/05/2025,75.1,,
27/05/2025,75.1,,31.94444444
28/05/2025,75.2,,45.29777778
29/05/2025,75.2,,47.02
30/05/2025,75.2,,
31/05/2025,75.2,,
01/06/2025,74.9,,40.57555556
02/06/2025,74.7,,
03/06/2025,74.6,,18.69333333
04/06/2025,74.6,,62.45777778
05/06/2025,74.5,,
06/06/2025,74.5,,
07/06/2025,74.3,,
08/06/2025,74.2,,
09/06/2025,74.3,,5.844444444
10/06/2025,74.3,,6.264444444
11/06/2025,74.3,,
12/06/2025,74.4,,
13/06/2025,74.4,,
14/06/2025,74.5,,
15/06/2025,74.9,,
16/06/2025,75.2,,
17/06/2025,75.3,,35.73555556
18/06/2025,75.5,,
19/06/2025,75.5,,
20/06/2025,75.5,,
21/06/2025,75.4,,37.17333333
22/06/2025,75.2,,
23/06/2025,75.1,,
24/06/2025,75.1,,
25/06/2025,75.1,,
26/06/2025,75.2,,
27/06/2025,75.3,,
28/06/2025,75.6,,
29/06/2025,75.9,,
30/06/2025,75.9,,
01/07/2025,76,,
02/07/2025,76.1,,
03/07/2025,76.2,,
04/07/2025,76.1,,
05/07/2025,75.9,,
06/07/2025,75.7,,
07/07/2025,75.7,,
08/07/2025,75.6,,
09/07/2025,75.5,,
10/07/2025,75.5,,
11/07/2025,75.5,,
12/07/2025,75.6,,
13/07/2025,75.7,,
14/07/2025,75.7,,
15/07/2025,75.8,,
16/07/2025,75.9,,
17/07/2025,76,,
18/07/2025,76.2,,
19/07/2025,76.4,,
20/07/2025,76.6,,
21/07/2025,76.7,,
22/07/2025,76.9,,
23/07/2025,76.9,,
24/07/2025,76.9,,
25/07/2025,76.9,,30.27555556
26/07/2025,76.7,,
27/07/2025,76.7,,
28/07/2025,76.6,,36.17333333
29/07/2025,76.5,,
30/07/2025,76.5,,
31/07/2025,76.4,,
01/08/2025,76.4,,
02/08/2025,76.4,,47.07111111
03/08/2025,76.5,,
04/08/2025,76.6,,36.61555556
05/08/2025,76.6,,
06/08/2025,76.6,,
07/08/2025,76.7,,
08/08/2025,76.7,,
09/08/2025,76.7,,0.071111111
10/08/2025,76.6,,
11/08/2025,76.6,,
12/08/2025,76.8,,
13/08/2025,77,,5
14/08/2025,77.2,,
15/08/2025,77.4,,
16/08/2025,77.6,,
17/08/2025,77.7,,
18/08/2025,77.8,,
19/08/2025,77.6,,
20/08/2025,77.4,,34.34222222
21/08/2025,77.4,,
22/08/2025,77.3,,
23/08/2025,77.2,,
24/08/2025,77,,
25/08/2025,77,,11.66
26/08/2025,77,,
27/08/2025,77,,41.68
28/08/2025,76.8,,
29/08/2025,76.7,,0.093333333
30/08/2025,76.8,,
31/08/2025,76.9,,17.91555556
01/09/2025,76.8,,15.95555556
02/09/2025,76.7,,
03/09/2025,76.6,,45.07777778
04/09/2025,76.6,,
05/09/2025,76.6,,0.295555556
06/09/2025,76.4,,40.97777778
07/09/2025,76.3,,
08/09/2025,76.3,,13.22222222
09/09/2025,76.4,,
10/09/2025,76.4,,
11/09/2025,76.4,,
12/09/2025,76.5,,
13/09/2025,76.5,,
14/09/2025,76.5,,
15/09/2025,76.3,,
16/09/2025,76.2,,
17/09/2025,76,,
18/09/2025,75.8,,
19/09/2025,75.7,,3.791111111
20/09/2025,75.4,,
21/09/2025,75.4,,
22/09/2025,75.4,,
23/09/2025,75.3,,
24/09/2025,75.3,,
25/09/2025,75.3,,1.44
26/09/2025,75.2,,
27/09/2025,75.3,,
28/09/2025,75.4,,
29/09/2025,75.3,,
30/09/2025,75.4,,
01/10/2025,75.4,,
02/10/2025,75.4,,
03/10/2025,75.3,,
04/10/2025,75.4,,
05/10/2025,75.3,,
06/10/2025,75.4,,
07/10/2025,75.4,,
08/10/2025,75.5,,
09/10/2025,75.5,,
10/10/2025,75.6,,5.528888889
11/10/2025,75.7,,
12/10/2025,75.7,,
13/10/2025,75.7,,
14/10/2025,75.6,,
15/10/2025,75.5,,
16/10/2025,75.4,,
17/10/2025,75.4,,
18/10/2025,75.2,,
19/10/2025,75.1,,
20/10/2025,75.1,,
21/10/2025,75.2,,
22/10/2025,75.3,,
23/10/2025,75.4,,
24/10/2025,75.4,,
25/10/2025,75.5,,
26/10/2025,75.6,,
27/10/2025,75.7,,
28/10/2025,75.7,,
29/10/2025,75.7,,
30/10/2025,75.7,,
31/10/2025,75.6,,
01/11/2025,75.6,,
02/11/2025,75.8,,
03/11/2025,76,,9.111111111
04/11/2025,76,,
05/11/2025,76.1,,
06/11/2025,76.2,,0.426666667
07/11/2025,76.3,,
08/11/2025,76.3,,
09/11/2025,76.2,,
10/11/2025,75.9,,19.11111111
11/11/2025,75.8,,
12/11/2025,75.7,,
13/11/2025,75.6,,
14/11/2025,75.4,,
15/11/2025,75.6,,
16/11/2025,75.7,,
17/11/2025,75.8,,20.83333333
18/11/2025,75.9,,
19/11/2025,75.9,,
20/11/2025,76,,0.082222222
21/11/2025,76,,
22/11/2025,76,,
23/11/2025,75.9,,
24/11/2025,75.8,,12.01333333
25/11/2025,75.7,,
26/11/2025,75.6,,
27/11/2025,75.6,,0.064444444
28/11/2025,75.5,,
29/11/2025,75.4,,
30/11/2025,75.3,,
01/12/2025,75.3,,
02/12/2025,75.2,,
03/12/2025,75.2,,
04/12/2025,75.2,,
05/12/2025,75.2,,
06/12/2025,75.1,,
07/12/2025,75.1,,
08/12/2025,75.2,,8.18
09/12/2025,75.1,,
10/12/2025,75,,
11/12/2025,74.9,,2.908888889
12/12/2025,74.8,,
13/12/2025,74.7,,
14/12/2025,74.7,,
15/12/2025,74.7,,11.62
16/12/2025,74.8,,
17/12/2025,74.8,,
18/12/2025,74.9,,
19/12/2025,74.9,,
20/12/2025,74.9,,
21/12/2025,74.8,,
22/12/2025,74.8,,
23/12/2025,74.7,,
24/12/2025,74.9,,
25/12/2025,75.1,,
26/12/2025,75.3,,
27/12/2025,75.5,,
28/12/2025,75.7,,10.22888889
29/12/2025,75.9,,26.58888889
30/12/2025,76.1,,28.28666667
31/12/2025,76.1,,19.81555556
01/01/2026,76.1,,43.73555556
02/01/2026,76,,42.94666667
03/01/2026,76,,
04/01/2026,75.9,,
05/01/2026,75.8,,
06/01/2026,75.6,,
07/01/2026,75.4,,
08/01/2026,75.3,,
09/01/2026,75.2,,0.346666667
10/01/2026,75.1,,
11/01/2026,75.1,,
12/01/2026,75,,
13/01/2026,75.1,,4.431111111
14/01/2026,75.2,,
15/01/2026,75.2,,
16/01/2026,75.3,,
17/01/2026,75.3,,
18/01/2026,75.4,,
19/01/2026,75.5,,
20/01/2026,75.4,,
21/01/2026,75.3,,
22/01/2026,75.2,,0.386666667
23/01/2026,75.2,,
24/01/2026,75.1,,
25/01/2026,75.1,,
26/01/2026,75.1,,10.58222222
27/01/2026,75.1,,
28/01/2026,75.1,,
29/01/2026,75.1,,
30/01/2026,75.1,,14.95777778
31/01/2026,75.1,,7.942222222
01/02/2026,75.1,,6.04
02/02/2026,75.1,,23.60888889
03/02/2026,75.2,,
04/02/2026,75.2,,
05/02/2026,75.3,,
06/02/2026,75.3,,
07/02/2026,75.3,,
08/02/2026,75.2,,
09/02/2026,75.1,,24.33333333
10/02/2026,75.1,,
11/02/2026,75,,
12/02/2026,74.9,,
13/02/2026,74.8,,
14/02/2026,74.8,,
15/02/2026,74.8,,
16/02/2026,74.8,,
17/02/2026,74.7,,
18/02/2026,74.7,,
19/02/2026,74.6,,
20/02/2026,74.6,,
21/02/2026,74.5,,
22/02/2026,74.4,,
23/02/2026,74.4,,
24/02/2026,74.5,,
25/02/2026,74.5,,
26/02/2026,74.6,,
27/02/2026,74.6,,
28/02/2026,74.6,,
01/03/2026,74.7,,
