file,start_time,sport,distance_km,duration_min,ascent_m,descent_m,gps_present,is_marathon_like
fits/2013-04-20_08-05-18_2c4475068b.fit,2013-04-20 08:05:18,running,4.82162,23.141666666666666,58.0,47.0,True,False
fits/2013-04-23_17-02-00_9dfb2db846.fit,2013-04-23 17:02:00,running,10.008299999999998,53.1974,35.0,32.0,True,False
fits/2013-04-25_16-41-10_0c83cdbd53.fit,2013-04-25 16:41:10,running,5.59501,28.834116666666667,36.0,21.0,True,False
fits/2013-04-30_11-29-35_1633df236a.fit,2013-04-30 11:29:35,running,5.00229,23.745383333333333,42.0,42.0,True,False
fits/2013-05-02_18-10-30_c7f997035f.fit,2013-05-02 18:10:30,running,3.00253,13.59585,23.0,27.0,True,False
fits/2013-05-05_09-38-04_a101bef00c.fit,2013-05-05 09:38:04,running,5.002800000000001,23.491266666666668,9.0,20.0,True,False
fits/2013-05-11_07-59-54_3e1ae071b2.fit,2013-05-11 07:59:54,running,4.81266,22.536583333333333,46.0,51.0,True,False
fits/2013-05-16_14-43-27_d8c85a8a26.fit,2013-05-16 14:43:27,running,7.5090900000000005,35.71498333333333,36.0,5.0,True,False
fits/2013-05-19_08-18-04_6d6149e2c7.fit,2013-05-19 08:18:04,running,9.00621,44.40525,50.0,49.0,True,False
fits/2013-05-21_06-41-58_46082776b0.fit,2013-05-21 06:41:58,running,6.00592,28.410416666666666,12.0,225.0,True,False
fits/2013-05-24_08-18-12_b26c6aafee.fit,2013-05-24 08:18:12,running,12.00394,58.92706666666666,31.0,28.0,True,False
fits/2013-05-26_08-12-19_91ac3c1aab.fit,2013-05-26 08:12:19,running,6.00737,29.505933333333335,48.0,39.0,True,False
fits/2013-05-28_09-54-15_7e41785559.fit,2013-05-28 09:54:15,running,8.99855,44.37838333333333,76.0,76.0,True,False
fits/2013-06-01_08-03-30_a083e91b89.fit,2013-06-01 08:03:30,running,4.6756899999999995,22.605833333333333,51.0,53.0,True,False
fits/2013-06-06_19-40-23_19b43c090d.fit,2013-06-06 19:40:23,running,10.00465,49.88085,57.0,58.0,True,False
fits/2013-06-09_16-37-17_e073be7315.fit,2013-06-09 16:37:17,running,7.003439999999999,33.56956666666667,39.0,49.0,True,False
fits/2013-06-11_14-15-50_a162883861.fit,2013-06-11 14:15:50,running,10.000879999999999,49.063716666666664,49.0,58.0,True,False
fits/2013-06-14_16-28-26_8151b51187.fit,2013-06-14 16:28:26,running,12.01061,59.32415,84.0,57.0,True,False
fits/2013-06-16_08-10-18_3a3c4fb2fa.fit,2013-06-16 08:10:18,running,9.00642,45.02163333333333,64.0,96.0,True,False
fits/2013-06-21_07-54-01_96a98d9440.fit,2013-06-21 07:54:01,running,13.37404,67.36415000000001,168.0,182.0,True,False
fits/2013-06-23_14-49-15_44487a27c1.fit,2013-06-23 14:49:15,running,10.225850000000001,54.95708333333334,141.0,143.0,True,False
fits/2013-06-29_15-44-33_2bf93d9f11.fit,2013-06-29 15:44:33,running,5.37222,26.16916666666667,45.0,34.0,True,False
fits/2013-07-02_16-04-43_824ec385cb.fit,2013-07-02 16:04:43,running,10.55165,50.78881666666667,66.0,56.0,True,False
fits/2013-07-04_14-02-30_1fe04ed723.fit,2013-07-04 14:02:30,running,2.91375,15.1846,59.0,66.0,True,False
fits/2013-07-04_14-37-06_24b9ebe5a3.fit,2013-07-04 14:37:06,running,2.88902,14.975333333333333,59.0,66.0,True,False
fits/2013-07-06_08-04-42_e81cce48fa.fit,2013-07-06 08:04:42,running,4.78374,21.938333333333333,55.0,50.0,True,False
fits/2013-07-08_06-44-14_60fcd03dd9.fit,2013-07-08 06:44:14,running,11.32778,58.03541666666667,61.0,48.0,True,False
fits/2013-07-09_19-29-04_2bfd4c64c8.fit,2013-07-09 19:29:04,running,5.00112,25.58445,49.0,59.0,True,False
fits/2013-07-13_08-45-37_c024b16518.fit,2013-07-13 08:45:37,running,12.056809999999999,61.45206666666666,73.0,53.0,True,False
fits/2013-07-15_17-11-13_52625d33f1.fit,2013-07-15 17:11:13,running,5.00201,25.332916666666666,47.0,44.0,True,False
fits/2013-07-17_13-29-48_5709eebcde.fit,2013-07-17 13:29:48,running,7.62946,37.93501666666667,106.0,116.0,True,False
fits/2013-07-20_10-06-18_88f7b5817a.fit,2013-07-20 10:06:18,running,10.63453,50.47673333333333,162.0,191.0,True,False
fits/2013-07-24_17-00-23_a8b3ba38b5.fit,2013-07-24 17:00:23,running,10.42105,51.29378333333333,92.0,107.0,True,False
fits/2013-07-27_08-49-40_47c013257c.fit,2013-07-27 08:49:40,running,7.01007,36.044149999999995,96.0,97.0,True,False
fits/2013-07-29_08-47-57_719f4e24e7.fit,2013-07-29 08:47:57,running,10.006620000000002,48.629400000000004,142.0,136.0,True,False
fits/2013-08-02_07-32-19_e496cc48ae.fit,2013-08-02 07:32:19,running,11.833350000000001,64.68333333333334,248.0,314.0,True,False
fits/2013-08-06_18-12-25_f18427630d.fit,2013-08-06 18:12:25,running,7.40805,34.43458333333333,85.0,84.0,True,False
fits/2013-08-11_07-00-13_8d84521877.fit,2013-08-11 07:00:13,running,21.15495,113.41168333333333,155.0,151.0,True,False
fits/2013-08-14_06-16-16_44b306f896.fit,2013-08-14 06:16:16,running,6.00889,29.729566666666663,31.0,25.0,True,False
fits/2013-08-16_05-57-55_391da2b466.fit,2013-08-16 05:57:55,running,15.01647,78.06623333333333,57.0,44.0,True,False
fits/2013-08-18_18-31-44_129bb80c84.fit,2013-08-18 18:31:44,running,8.00868,44.464150000000004,51.0,50.0,True,False
fits/2013-08-20_18-49-48_9db9d88cf9.fit,2013-08-20 18:49:48,running,12.50275,67.20415,82.0,92.0,True,False
fits/2013-08-26_09-35-16_ee79ab4365.fit,2013-08-26 09:35:16,running,14.50347,86.69875,61.0,62.0,True,False
fits/2013-09-01_07-49-59_1aa7bab419.fit,2013-09-01 07:49:59,running,9.99824,46.567083333333336,38.0,30.0,True,False
fits/2013-09-05_06-20-58_b4d988939c.fit,2013-09-05 06:20:58,running,13.00735,70.92245,203.0,202.0,True,False
fits/2013-09-07_08-06-43_27b172f988.fit,2013-09-07 08:06:43,running,4.79113,21.798733333333335,38.0,40.0,True,False
fits/2013-09-08_16-01-13_d8653eb1da.fit,2013-09-08 16:01:13,running,13.112440000000001,71.45366666666668,24.0,52.0,True,False
fits/2013-09-10_16-25-32_f889275cdf.fit,2013-09-10 16:25:32,running,9.50133,49.18748333333333,100.0,99.0,True,False
fits/2013-09-12_06-12-47_350f27c4b2.fit,2013-09-12 06:12:47,running,14.006639999999999,73.11905,185.0,201.0,True,False
fits/2013-09-15_07-16-04_16b9467801.fit,2013-09-15 07:16:04,running,16.00365,82.46078333333334,48.0,53.0,True,False
fits/2013-09-18_08-55-44_189941edd0.fit,2013-09-18 08:55:44,running,14.40385,77.7675,160.0,154.0,True,False
fits/2013-09-22_08-32-46_388dc921e2.fit,2013-09-22 08:32:46,running,18.00138,91.93036666666667,102.0,96.0,True,False
fits/2013-09-24_06-23-49_7608698de6.fit,2013-09-24 06:23:49,running,8.003350000000001,42.55416666666667,78.0,79.0,True,False
fits/2013-09-29_08-42-13_6d2f261bd2.fit,2013-09-29 08:42:13,running,21.20545,113.65796666666667,216.0,217.0,True,False
fits/2013-10-03_17-59-52_4c76d6de83.fit,2013-10-03 17:59:52,running,7.7863500000000005,41.926633333333335,39.0,45.0,True,False
fits/2013-10-06_09-57-08_9e77a7a587.fit,2013-10-06 09:57:08,running,9.88674,45.875816666666665,85.0,85.0,True,False
fits/2013-10-08_13-28-44_2169c4d31a.fit,2013-10-08 13:28:44,running,8.70781,46.089150000000004,48.0,45.0,True,False
fits/2013-10-10_16-02-04_697a39663c.fit,2013-10-10 16:02:04,running,6.00361,27.421216666666666,44.0,30.0,True,False
fits/2013-10-12_12-17-26_eb41b72027.fit,2013-10-12 12:17:26,running,11.31628,80.40841666666667,441.0,441.0,True,False
fits/2013-10-16_07-16-08_739ea0fe50.fit,2013-10-16 07:16:08,running,11.0093,55.53041666666666,27.0,26.0,True,False
fits/2013-10-20_11-12-44_bc4f12b010.fit,2013-10-20 11:12:44,running,18.69082,93.17373333333333,80.0,79.0,True,False
fits/2013-10-24_07-28-22_5d75a6f103.fit,2013-10-24 07:28:22,running,10.004430000000001,54.43835,64.0,72.0,True,False
fits/2013-11-06_11-28-18_76647172c3.fit,2013-11-06 11:28:18,running,10.002780000000001,49.745400000000004,48.0,48.0,True,False
fits/2013-11-08_09-35-59_b6946a59da.fit,2013-11-08 09:35:59,running,4.00581,17.80956666666667,92.0,29.0,True,False
fits/2013-11-10_10-35-57_5b28e40636.fit,2013-11-10 10:35:57,running,9.54947,47.44598333333333,40.0,56.0,True,False
fits/2013-11-13_10-10-42_877d0445f5.fit,2013-11-13 10:10:42,running,11.65752,60.3474,46.0,14.0,True,False
fits/2013-11-17_10-29-33_dda845752c.fit,2013-11-17 10:29:33,running,17.51161,90.85081666666666,251.0,240.0,True,False
fits/2013-11-20_13-03-57_a187338cd1.fit,2013-11-20 13:03:57,running,11.38427,54.36911666666666,31.0,38.0,True,False
fits/2013-11-21_12-30-05_7548ce74c4.fit,2013-11-21 12:30:05,running,7.50423,41.48623333333333,56.0,67.0,True,False
fits/2013-11-24_17-58-30_3f83d0f2a1.fit,2013-11-24 17:58:30,running,13.00546,64.83916666666667,36.0,51.0,True,False
fits/2013-11-26_17-25-57_9a5ceec255.fit,2013-11-26 17:25:57,running,10.0039,50.95458333333333,110.0,112.0,True,False
fits/2013-11-28_10-29-11_6043d163f0.fit,2013-11-28 10:29:11,running,15.00591,79.51838333333333,166.0,141.0,True,False
fits/2013-12-01_09-46-04_0e9d65b039.fit,2013-12-01 09:46:04,running,16.60646,81.8225,29.0,24.0,True,False
fits/2013-12-03_17-08-13_85e8b6f784.fit,2013-12-03 17:08:13,running,8.32827,46.25371666666667,76.0,37.0,True,False
fits/2013-12-04_12-43-56_ca6cedef61.fit,2013-12-04 12:43:56,running,7.0074700000000005,32.15085,28.0,30.0,True,False
fits/2013-12-06_17-47-49_f8565f62f2.fit,2013-12-06 17:47:49,running,8.36055,42.212916666666665,91.0,42.0,True,False
fits/2013-12-08_13-00-18_eec9b4a6f2.fit,2013-12-08 13:00:18,running,16.12261,80.70081666666667,74.0,56.0,True,False
fits/2013-12-10_11-43-39_b57b86032c.fit,2013-12-10 11:43:39,running,10.00337,51.13458333333333,73.0,70.0,True,False
fits/2013-12-12_08-23-13_1d1feb704d.fit,2013-12-12 08:23:13,running,8.76535,43.021883333333335,27.0,41.0,True,False
fits/2013-12-15_09-48-55_d9c0aad2e2.fit,2013-12-15 09:48:55,running,19.00639,92.20575000000001,66.0,59.0,True,False
fits/2013-12-18_10-23-47_9ae7ce020c.fit,2013-12-18 10:23:47,running,11.157860000000001,56.67208333333333,130.0,122.0,True,False
fits/2013-12-19_11-22-28_3955aa9c8b.fit,2013-12-19 11:22:28,running,7.17145,32.796683333333334,82.0,79.0,True,False
fits/2013-12-21_12-52-35_80a23a0d87.fit,2013-12-21 12:52:35,running,21.263090000000002,116.87203333333333,174.0,186.0,True,False
fits/2013-12-23_11-05-07_48132a9bad.fit,2013-12-23 11:05:07,running,11.25483,53.160833333333336,73.0,84.0,True,False
fits/2013-12-25_10-11-46_6b122ca5b0.fit,2013-12-25 10:11:46,running,8.554590000000001,39.23471666666667,42.0,31.0,True,False
fits/2013-12-26_10-54-56_63f83051be.fit,2013-12-26 10:54:56,running,8.30031,40.75578333333333,26.0,33.0,True,False
fits/2013-12-29_13-30-48_8c6e1dd02a.fit,2013-12-29 13:30:48,running,19.04028,105.73291666666667,216.0,221.0,True,False
fits/2014-01-01_13-11-28_b7311fcb1b.fit,2014-01-01 13:11:28,running,12.00288,55.200466666666664,72.0,40.0,True,False
fits/2014-01-03_11-15-53_eac1b9dfbc.fit,2014-01-03 11:15:53,running,6.07541,30.989583333333332,52.0,46.0,True,False
fits/2014-01-05_12-16-28_7d6c5843b0.fit,2014-01-05 12:16:28,running,21.82575,108.87226666666668,100.0,77.0,True,False
fits/2014-01-09_19-46-05_48d826b8d3.fit,2014-01-09 19:46:05,running,10.38545,53.15586666666666,104.0,111.0,True,False
fits/2014-01-12_09-59-34_3e12498a30.fit,2014-01-12 09:59:34,running,12.50565,64.0433,208.0,156.0,True,False
fits/2014-01-14_08-58-16_c7e9f4ddc0.fit,2014-01-14 08:58:16,running,16.48462,82.52536666666667,76.0,48.0,True,False
fits/2014-01-18_09-03-33_c03c00c645.fit,2014-01-18 09:03:33,running,4.848529999999999,21.461666666666666,36.0,39.0,True,False
fits/2014-01-20_10-05-14_ade75149a2.fit,2014-01-20 10:05:14,running,19.51021,102.62041666666667,190.0,180.0,True,False
fits/2014-01-26_10-37-10_36bb2b0e62.fit,2014-01-26 10:37:10,running,30.16637,162.45658333333333,155.0,64.0,True,False
fits/2014-02-02_09-14-52_d3e0bccc3a.fit,2014-02-02 09:14:52,running,16.03068,80.477,52.0,67.0,True,False
fits/2014-02-07_13-35-50_2f795b8d69.fit,2014-02-07 13:35:50,running,21.15568,112.1317,110.0,126.0,True,False
fits/2014-02-23_13-43-58_ec77830927.fit,2014-02-23 13:43:58,running,10.006620000000002,49.493249999999996,47.0,47.0,True,False
fits/2014-02-26_13-34-49_f577800ca8.fit,2014-02-26 13:34:49,running,12.61517,62.13123333333333,36.0,42.0,True,False
fits/2014-02-27_20-02-39_8390d6510c.fit,2014-02-27 20:02:39,running,6.00189,32.11708333333333,22.0,36.0,True,False
fits/2014-03-01_09-34-37_e3918810cd.fit,2014-03-01 09:34:37,running,17.53701,92.37001666666667,76.0,73.0,True,False
fits/2014-03-04_13-27-18_81cfbfa2fe.fit,2014-03-04 13:27:18,running,13.65996,66.1734,81.0,95.0,True,False
fits/2014-03-07_08-56-09_3ce4a5c9dd.fit,2014-03-07 08:56:09,running,8.10828,43.30288333333333,64.0,67.0,True,False
fits/2014-03-09_09-00-09_5aacdf87f9.fit,2014-03-09 09:00:09,running,25.99645,141.15788333333333,160.0,163.0,True,False
fits/2014-03-12_13-24-44_ec79cace26.fit,2014-03-12 13:24:44,running,12.00457,57.635,46.0,23.0,True,False
fits/2014-03-13_14-38-17_c5e2e1b431.fit,2014-03-13 14:38:17,running,7.50171,40.32586666666667,38.0,34.0,True,False
fits/2014-03-16_12-29-41_304cb309e2.fit,2014-03-16 12:29:41,running,21.14016,113.77375,181.0,179.0,True,False
fits/2014-03-25_11-43-32_9ac4513485.fit,2014-03-25 11:43:32,running,8.00114,39.917833333333334,40.0,50.0,True,False
fits/2014-03-29_12-09-50_bfc2b25ef3.fit,2014-03-29 12:09:50,running,21.27793,101.00633333333333,99.0,92.0,True,False
fits/2014-04-05_14-57-13_841db8d4fe.fit,2014-04-05 14:57:13,running,26.01586,146.50588333333332,89.0,92.0,True,False
fits/2014-04-08_13-29-02_7ab03efd96.fit,2014-04-08 13:29:02,running,15.00567,76.56403333333333,95.0,80.0,True,False
fits/2014-04-09_16-54-17_13d17ad243.fit,2014-04-09 16:54:17,running,5.63506,28.789566666666666,45.0,39.0,True,False
fits/2014-04-13_09-22-19_2c457336d5.fit,2014-04-13 09:22:19,running,31.08949,165.81003333333334,293.0,279.0,True,False
fits/2014-04-19_07-35-39_ee1be6b745.fit,2014-04-19 07:35:39,running,23.00451,119.58666666666666,115.0,123.0,True,False
fits/2014-04-22_12-36-48_6a06b47225.fit,2014-04-22 12:36:48,running,16.16362,83.65458333333332,72.0,80.0,True,False
fits/2014-04-24_17-59-56_c7fa9f82e2.fit,2014-04-24 17:59:56,running,8.543610000000001,46.7156,87.0,85.0,True,False
fits/2014-04-27_13-21-07_7d9a6b6d90.fit,2014-04-27 13:21:07,running,36.00258,196.10196666666667,128.0,112.0,True,False
fits/2014-04-29_18-55-51_4e02a55a49.fit,2014-04-29 18:55:51,running,6.00073,30.547483333333332,27.0,28.0,True,False
fits/2014-04-30_10-42-31_3a8f3c209a.fit,2014-04-30 10:42:31,running,11.60678,59.06666666666667,81.0,87.0,True,False
fits/2014-05-04_07-00-37_f3cc9fa408.fit,2014-05-04 07:00:37,running,11.84216,65.78421666666667,327.0,334.0,True,False
fits/2014-05-09_07-42-29_6fd08ac56c.fit,2014-05-09 07:42:29,running,6.500229999999999,33.87331666666667,58.0,36.0,True,False
fits/2014-05-10_09-35-22_bcfe7c7086.fit,2014-05-10 09:35:22,running,31.309240000000003,171.8339,268.0,247.0,True,False
fits/2014-05-17_06-36-38_7e928a458a.fit,2014-05-17 06:36:38,running,26.203419999999998,136.33326666666667,310.0,251.0,True,False
fits/2014-05-23_16-24-13_42d0dc5031.fit,2014-05-23 16:24:13,running,8.99949,48.81961666666667,130.0,141.0,True,False
fits/2014-05-25_16-50-20_7fc0d64128.fit,2014-05-25 16:50:20,running,7.65289,38.96628333333333,51.0,52.0,True,False
fits/2014-05-27_13-48-48_75cf08d3c6.fit,2014-05-27 13:48:48,running,8.29539,43.911433333333335,125.0,123.0,True,False
fits/2014-05-31_10-02-27_32d821b824.fit,2014-05-31 10:02:27,running,42.52453,228.92006666666666,193.0,207.0,True,True
fits/2014-08-14_12-34-14_7b32a0290c.fit,2014-08-14 12:34:14,running,5.00643,22.658633333333334,124.0,130.0,True,False
fits/2014-08-16_19-20-57_985829c2ad.fit,2014-08-16 19:20:57,running,10.032459999999999,46.204433333333334,476.0,541.0,True,False
fits/2014-08-19_12-14-37_4a79b5bd3a.fit,2014-08-19 12:14:37,running,8.10551,40.955749999999995,245.0,240.0,True,False
fits/2014-08-21_08-04-15_ec4ba2c91d.fit,2014-08-21 08:04:15,running,12.2696,59.45666666666667,393.0,455.0,True,False
fits/2014-08-23_08-02-35_46459e525a.fit,2014-08-23 08:02:35,running,4.72846,20.675366666666665,181.0,213.0,True,False
fits/2014-08-25_16-06-57_1404b53ab2.fit,2014-08-25 16:06:57,running,17.74625,89.99548333333334,507.0,524.0,True,False
fits/2014-08-29_14-18-37_2e4223d7c6.fit,2014-08-29 14:18:37,running,4.08956,21.541566666666665,74.0,71.0,True,False
fits/2014-08-30_07-43-24_6812b10469.fit,2014-08-30 07:43:24,running,3.06354,13.759216666666667,121.0,138.0,True,False
fits/2014-08-31_06-56-41_8ec4b3b76a.fit,2014-08-31 06:56:41,running,5.71965,30.42135,167.0,127.0,True,False
fits/2014-09-01_06-33-03_1f92dc8e69.fit,2014-09-01 06:33:03,running,3.08151,13.889233333333333,55.0,132.0,True,False
fits/2014-09-02_06-33-54_d7471a21bf.fit,2014-09-02 06:33:54,running,5.347659999999999,27.58578333333333,78.0,121.0,True,False
fits/2014-09-03_06-50-34_09216f196f.fit,2014-09-03 06:50:34,running,3.73324,19.3511,79.0,105.0,True,False
fits/2014-09-04_06-32-08_9aa8bdafb5.fit,2014-09-04 06:32:08,running,6.00116,31.8408,124.0,160.0,True,False
fits/2014-09-07_06-37-34_cffd371175.fit,2014-09-07 06:37:34,running,18.00072,90.27696666666667,671.0,733.0,True,False
fits/2014-09-08_14-10-49_103e8b1b2b.fit,2014-09-08 14:10:49,running,8.79954,50.21445000000001,331.0,353.0,True,False
fits/2014-09-11_12-08-25_a824df4e5a.fit,2014-09-11 12:08:25,running,5.20834,28.143533333333334,201.0,184.0,True,False
fits/2014-09-11_13-05-24_21ed3cb8c4.fit,2014-09-11 13:05:24,running,1.60534,7.103750000000001,15.0,21.0,True,False
fits/2014-09-11_13-21-31_c99700eb17.fit,2014-09-11 13:21:31,running,0.79038,4.1685,44.0,20.0,True,False
fits/2014-09-11_13-40-15_5062f55461.fit,2014-09-11 13:40:15,running,4.701,24.965433333333333,135.0,171.0,True,False
fits/2014-09-13_14-17-31_82c280d5f7.fit,2014-09-13 14:17:31,running,19.895599999999998,107.2565,414.0,440.0,True,False
fits/2014-09-15_06-37-52_62182373b9.fit,2014-09-15 06:37:52,running,10.00151,56.151500000000006,362.0,345.0,True,False
fits/2014-09-17_10-06-27_9de0189282.fit,2014-09-17 10:06:27,running,11.0029,53.31091666666667,307.0,272.0,True,False
fits/2014-09-18_07-42-00_c1f5a16c05.fit,2014-09-18 07:42:00,running,5.260020000000001,68.0,,,False,False
fits/2014-09-21_09-06-32_e1f127a182.fit,2014-09-21 09:06:32,running,12.00834,56.743716666666664,374.0,377.0,True,False
fits/2014-09-24_06-50-28_4b6fef2dbb.fit,2014-09-24 06:50:28,running,13.25096,76.3099,455.0,449.0,True,False
fits/2014-09-28_12-04-26_15e185182b.fit,2014-09-28 12:04:26,running,21.18453,104.41825,305.0,295.0,True,False
fits/2014-10-04_11-50-29_5fbf7fe9ee.fit,2014-10-04 11:50:29,running,12.00162,59.762816666666666,432.0,394.0,True,False
fits/2014-10-06_06-57-01_51274f181a.fit,2014-10-06 06:57:01,running,9.07445,48.35595,804.0,907.0,True,False
fits/2014-10-08_09-57-09_1e38aed055.fit,2014-10-08 09:57:09,running,16.20963,80.20203333333333,351.0,389.0,True,False
fits/2014-10-10_07-31-49_6193ccb9f4.fit,2014-10-10 07:31:49,running,9.70261,56.394733333333335,283.0,537.0,True,False
fits/2014-10-12_13-05-07_78bc3be536.fit,2014-10-12 13:05:07,running,19.51858,101.92561666666667,423.0,469.0,True,False
fits/2014-10-14_12-41-00_b39825968a.fit,2014-10-14 12:41:00,running,4.36729,54.0,,,False,False
fits/2014-10-16_06-54-05_69eb2c39b6.fit,2014-10-16 06:54:05,running,8.10521,47.79113333333333,325.0,293.0,True,False
fits/2014-10-19_08-19-36_42fa7ed87b.fit,2014-10-19 08:19:36,running,19.229770000000002,99.37871666666666,650.0,552.0,True,False
fits/2014-10-21_16-17-16_e20665cd1f.fit,2014-10-21 16:17:16,running,8.41552,40.67366666666667,181.0,172.0,True,False
fits/2014-10-25_07-46-25_0765e0c8e9.fit,2014-10-25 07:46:25,running,2.00313,10.7599,84.0,78.0,True,False
fits/2014-10-25_08-03-05_cfe992e4a6.fit,2014-10-25 08:03:05,running,4.76251,20.072683333333334,89.0,119.0,True,False
fits/2014-10-26_11-37-28_bd6d36bba3.fit,2014-10-26 11:37:28,running,16.18914,86.60361666666667,436.0,414.0,True,False
fits/2014-10-31_08-17-25_0273a51e55.fit,2014-10-31 08:17:25,running,10.00968,52.42433333333334,290.0,345.0,True,False
fits/2014-11-02_08-46-22_796ca82f97.fit,2014-11-02 08:46:22,running,16.22599,83.07618333333333,495.0,535.0,True,False
fits/2014-11-03_13-12-08_09c84c5841.fit,2014-11-03 13:12:08,running,11.75103,63.18261666666667,340.0,381.0,True,False
fits/2014-11-05_16-25-32_4d2bdc0a62.fit,2014-11-05 16:25:32,running,13.182139999999999,62.03638333333333,335.0,348.0,True,False
fits/2014-11-07_11-05-09_872e4c295b.fit,2014-11-07 11:05:09,running,14.23848,70.36623333333334,386.0,400.0,True,False
fits/2014-11-09_10-13-33_b3e7930ac6.fit,2014-11-09 10:13:33,running,13.753530000000001,68.91476666666668,267.0,271.0,True,False
fits/2014-11-11_10-26-59_3f12e096cf.fit,2014-11-11 10:26:59,running,13.18239,71.4105,433.0,501.0,True,False
fits/2014-11-13_09-25-15_66f0157ea0.fit,2014-11-13 09:25:15,running,7.6738100000000005,36.052083333333336,238.0,221.0,True,False
fits/2014-11-16_17-22-48_2c2709c0e3.fit,2014-11-16 17:22:48,running,12.00124,67.69913333333334,469.0,372.0,True,False
fits/2014-11-18_13-38-05_e48ceb7c1c.fit,2014-11-18 13:38:05,running,15.11194,72.24478333333333,372.0,335.0,True,False
fits/2014-11-21_08-45-29_0495368e3b.fit,2014-11-21 08:45:29,running,8.714409999999999,43.02195,234.0,207.0,True,False
fits/2014-11-23_09-06-21_9b7741ee02.fit,2014-11-23 09:06:21,running,17.6949,80.71496666666667,413.0,456.0,True,False
fits/2014-11-26_13-37-01_c07ef2af3c.fit,2014-11-26 13:37:01,running,5.04528,24.94025,485.0,584.0,True,False
fits/2014-11-26_14-54-11_bcdf2f2216.fit,2014-11-26 14:54:11,running,6.09958,32.23688333333333,198.0,228.0,True,False
fits/2014-11-27_14-04-15_802a776e81.fit,2014-11-27 14:04:15,running,7.6352,40.7653,202.0,258.0,True,False
fits/2014-12-01_11-16-27_53022ee3cd.fit,2014-12-01 11:16:27,running,16.21117,73.61648333333332,339.0,355.0,True,False
fits/2014-12-02_17-01-55_b027911f07.fit,2014-12-02 17:01:55,running,5.82576,27.275750000000002,187.0,239.0,True,False
fits/2014-12-05_10-54-14_96737461f2.fit,2014-12-05 10:54:14,running,11.146090000000001,55.75668333333333,305.0,325.0,True,False
fits/2014-12-07_09-44-32_c53e08de49.fit,2014-12-07 09:44:32,running,20.005770000000002,98.88619999999999,382.0,403.0,True,False
fits/2014-12-09_10-52-18_9e3313dfed.fit,2014-12-09 10:52:18,running,15.303180000000001,72.46583333333334,319.0,327.0,True,False
fits/2014-12-10_09-43-41_ef8b9b1c5f.fit,2014-12-10 09:43:41,running,8.35359,44.17125,183.0,197.0,True,False
fits/2014-12-12_08-54-23_1f5e4ea6d9.fit,2014-12-12 08:54:23,running,13.99901,61.4429,223.0,290.0,True,False
fits/2014-12-14_10-27-16_f3332f5143.fit,2014-12-14 10:27:16,running,18.24922,104.0432,556.0,576.0,True,False
fits/2014-12-16_09-15-39_297bb2e2d3.fit,2014-12-16 09:15:39,running,9.21408,42.05813333333333,189.0,189.0,True,False
fits/2014-12-17_11-01-53_82f86f6eff.fit,2014-12-17 11:01:53,running,14.49972,71.2582,277.0,314.0,True,False
fits/2014-12-20_08-42-13_29c265f035.fit,2014-12-20 08:42:13,running,2.3621399999999997,12.055816666666667,88.0,104.0,True,False
fits/2014-12-20_09-02-23_8c1c75f72f.fit,2014-12-20 09:02:23,running,4.78242,19.49165,112.0,143.0,True,False
fits/2014-12-21_10-14-47_4c35c55880.fit,2014-12-21 10:14:47,running,17.00342,84.43366666666667,505.0,518.0,True,False
fits/2014-12-23_10-36-54_d7f62f5971.fit,2014-12-23 10:36:54,running,11.998280000000001,56.38245,177.0,213.0,True,False
fits/2014-12-24_09-12-29_bb970d86bc.fit,2014-12-24 09:12:29,running,6.17902,30.006083333333333,159.0,165.0,True,False
fits/2014-12-25_08-51-29_4b259ee8cd.fit,2014-12-25 08:51:29,running,0.99998,5.289266666666666,38.0,70.0,True,False
fits/2014-12-25_09-05-10_ce900c5ac0.fit,2014-12-25 09:05:10,running,4.82316,20.015866666666668,82.0,94.0,True,False
fits/2014-12-27_12-36-30_62feb82d0f.fit,2014-12-27 12:36:30,running,16.16091,72.32126666666666,54.0,54.0,True,False
fits/2014-12-30_10-33-44_2142e666bd.fit,2014-12-30 10:33:44,running,10.24021,48.56935,39.0,41.0,True,False
fits/2015-01-01_09-32-13_42b0bdb204.fit,2015-01-01 09:32:13,running,15.56042,70.00691666666667,45.0,46.0,True,False
fits/2015-01-03_08-50-25_2814ef230a.fit,2015-01-03 08:50:25,running,1.8331099999999998,8.857883333333332,8.0,23.0,True,False
fits/2015-01-03_09-01-39_973b366147.fit,2015-01-03 09:01:39,running,4.77052,19.75248333333333,47.0,44.0,True,False
fits/2015-01-04_09-03-44_53c7b51bba.fit,2015-01-04 09:03:44,running,0.99971,5.235433333333333,1.0,4.0,True,False
fits/2015-01-04_09-16-59_04283a1fc1.fit,2015-01-04 09:16:59,running,9.99835,41.2478,60.0,60.0,True,False
fits/2015-01-06_16-05-24_056c9dc22e.fit,2015-01-06 16:05:24,running,8.3366,44.558616666666666,25.0,34.0,True,False
fits/2015-01-10_09-40-42_fed684613a.fit,2015-01-10 09:40:42,running,25.00187,118.86198333333333,101.0,131.0,True,False
fits/2015-01-12_11-05-17_db7cbc67eb.fit,2015-01-12 11:05:17,running,10.099530000000001,48.26611666666667,56.0,52.0,True,False
fits/2015-01-15_10-36-08_e137d193d8.fit,2015-01-15 10:36:08,running,11.00758,51.041383333333336,21.0,19.0,True,False
fits/2015-01-18_10-06-40_9e1faa5348.fit,2015-01-18 10:06:40,running,18.00074,97.28048333333332,186.0,193.0,True,False
fits/2015-01-20_10-49-42_7e58596550.fit,2015-01-20 10:49:42,running,11.99849,54.81163333333333,16.0,16.0,True,False
fits/2015-01-22_11-00-59_1c7c89a1cc.fit,2015-01-22 11:00:59,running,16.171120000000002,74.82469999999999,62.0,63.0,True,False
fits/2015-01-23_13-51-56_a67dbf7820.fit,2015-01-23 13:51:56,running,3.7085100000000004,16.529766666666667,8.0,24.0,True,False
fits/2015-01-25_09-52-16_e4162634da.fit,2015-01-25 09:52:16,running,20.99991,115.93931666666667,78.0,73.0,True,False
fits/2015-01-28_10-54-22_903487c7df.fit,2015-01-28 10:54:22,running,14.411280000000001,67.14835,82.0,68.0,True,False
fits/2015-01-29_11-12-42_3281009b10.fit,2015-01-29 11:12:42,running,9.166649999999999,42.235533333333336,28.0,15.0,True,False
fits/2015-01-31_09-39-51_b121f07eba.fit,2015-01-31 09:39:51,running,25.1334,126.63185,178.0,195.0,True,False
fits/2015-02-02_10-49-03_4456452237.fit,2015-02-02 10:49:03,running,15.00718,68.17638333333333,26.0,22.0,True,False
fits/2015-02-03_12-18-05_f75e9b046a.fit,2015-02-03 12:18:05,running,3.00306,14.4831,0.0,0.0,False,False
fits/2015-02-04_10-33-13_1a0f7162d1.fit,2015-02-04 10:33:13,running,12.997729999999999,59.539033333333336,44.0,27.0,True,False
fits/2015-02-06_08-54-46_6d7af88500.fit,2015-02-06 08:54:46,running,12.00261,54.9054,23.0,39.0,True,False
fits/2015-02-08_09-48-00_ce0fbc35fc.fit,2015-02-08 09:48:00,running,27.5038,139.2292833333333,160.0,139.0,True,False
fits/2015-02-10_17-06-26_c6e5dc24c9.fit,2015-02-10 17:06:26,running,5.59741,25.969949999999997,0.0,0.0,False,False
fits/2015-02-12_11-07-39_541233a3e7.fit,2015-02-12 11:07:39,running,16.34932,76.7357,104.0,94.0,True,False
fits/2015-02-23_10-40-39_f34ce35745.fit,2015-02-23 10:40:39,running,17.16338,80.01238333333335,45.0,43.0,True,False
fits/2015-02-25_11-16-20_58196a423e.fit,2015-02-25 11:16:20,running,12.13901,58.060633333333335,18.0,11.0,True,False
fits/2015-02-27_10-14-37_e91a333611.fit,2015-02-27 10:14:37,running,29.19205,151.9454,82.0,75.0,True,False
fits/2015-03-02_09-43-54_81dda840a5.fit,2015-03-02 09:43:54,running,17.74896,83.67545,97.0,104.0,True,False
fits/2015-03-05_11-41-15_95151b6119.fit,2015-03-05 11:41:15,running,16.16799,76.83683333333333,77.0,71.0,True,False
fits/2015-03-07_10-16-32_ae7b9172c3.fit,2015-03-07 10:16:32,running,31.00443,150.97505,103.0,71.0,True,False
fits/2015-03-09_11-24-03_a18d22d829.fit,2015-03-09 11:24:03,running,15.7575,76.42788333333333,60.0,46.0,True,False
fits/2015-03-11_12-33-31_3e024a53c7.fit,2015-03-11 12:33:31,running,10.50213,49.85503333333334,23.0,14.0,True,False
fits/2015-03-13_11-02-22_828416001b.fit,2015-03-13 11:02:22,running,12.74962,67.80071666666667,97.0,92.0,True,False
fits/2015-03-14_09-10-47_a8d93807bb.fit,2015-03-14 09:10:47,running,17.20763,76.71415,93.0,84.0,True,False
fits/2015-03-16_11-24-02_47712135ef.fit,2015-03-16 11:24:02,running,11.00807,49.030033333333336,19.0,17.0,True,False
fits/2015-03-20_11-14-06_5da7d030d0.fit,2015-03-20 11:14:06,running,10.010299999999999,48.07093333333333,97.0,89.0,True,False
fits/2015-03-22_10-19-05_ff5d999304.fit,2015-03-22 10:19:05,running,21.115389999999998,90.23238333333333,109.0,100.0,True,False
fits/2015-03-27_11-47-44_1ed94dfae8.fit,2015-03-27 11:47:44,running,33.000260000000004,180.26165,163.0,139.0,True,False
fits/2015-04-06_08-51-20_ce7560bb50.fit,2015-04-06 08:51:20,running,10.00174,52.307249999999996,58.0,45.0,True,False
fits/2015-04-07_14-41-56_ebb93fb1d8.fit,2015-04-07 14:41:56,running,7.22863,30.957516666666667,90.0,74.0,True,False
fits/2015-04-08_09-30-11_ab418354e9.fit,2015-04-08 09:30:11,running,14.35115,67.81835,176.0,155.0,True,False
fits/2015-04-09_09-17-54_b30214fdac.fit,2015-04-09 09:17:54,running,8.2376,36.0384,21.0,22.0,True,False
fits/2015-04-12_09-04-31_e9f9c97080.fit,2015-04-12 09:04:31,running,27.73091,138.19203333333334,298.0,296.0,True,False
fits/2015-04-15_10-16-21_98bad4a1bb.fit,2015-04-15 10:16:21,running,7.54666,35.4146,9.0,22.0,True,False
fits/2015-04-15_11-03-16_490223664e.fit,2015-04-15 11:03:16,running,2.19925,13.473816666666666,17.0,0.0,True,False
fits/2015-04-19_07-20-17_71c7def631.fit,2015-04-19 07:20:17,running,14.07472,67.79353333333333,34.0,38.0,True,False
fits/2015-04-22_10-14-52_84e71f1051.fit,2015-04-22 10:14:52,running,3.6234499999999996,16.081966666666666,13.0,8.0,True,False
fits/2015-04-24_17-16-26_ad2ed3bbd3.fit,2015-04-24 17:16:26,running,5.9994700000000005,30.301883333333333,30.0,29.0,True,False
fits/2015-04-26_09-12-17_14a9e8829d.fit,2015-04-26 09:12:17,running,42.513239999999996,208.0542166666667,119.0,153.0,True,True
fits/2015-05-02_06-30-30_4d8ac3101f.fit,2015-05-02 06:30:30,running,7.26193,36.4075,174.0,175.0,True,False
fits/2015-05-03_07-09-24_dd3a5ed0de.fit,2015-05-03 07:09:24,running,7.2097299999999995,36.481433333333335,180.0,167.0,True,False
fits/2015-05-04_06-37-56_0b0ab84870.fit,2015-05-04 06:37:56,running,7.206729999999999,34.711,176.0,157.0,True,False
fits/2015-05-07_08-03-35_836268bab5.fit,2015-05-07 08:03:35,running,10.2887,49.16806666666666,35.0,16.0,True,False
fits/2015-05-12_10-39-51_8af3984683.fit,2015-05-12 10:39:51,running,10.355319999999999,56.07891666666667,68.0,75.0,True,False
fits/2015-05-13_10-54-41_f16d849940.fit,2015-05-13 10:54:41,running,10.83051,53.29051666666667,45.0,54.0,True,False
fits/2015-05-15_13-51-18_cce4c5bd43.fit,2015-05-15 13:51:18,running,8.0009,36.59441666666667,12.0,30.0,True,False
fits/2015-05-18_09-53-55_3d943942a5.fit,2015-05-18 09:53:55,running,7.00599,33.42798333333334,70.0,58.0,True,False
fits/2015-05-20_10-37-27_ca9ebba590.fit,2015-05-20 10:37:27,running,9.00239,48.36333333333334,39.0,41.0,True,False
fits/2015-05-22_11-01-09_d3a7dc77b8.fit,2015-05-22 11:01:09,running,9.48975,45.761100000000006,38.0,10.0,True,False
fits/2015-05-24_10-48-39_da6ead7ad5.fit,2015-05-24 10:48:39,running,9.802610000000001,44.70165,87.0,84.0,True,False
fits/2015-05-25_11-32-39_a15b261b0d.fit,2015-05-25 11:32:39,running,5.00374,25.72355,40.0,35.0,True,False
fits/2015-05-26_11-45-10_97385f1bae.fit,2015-05-26 11:45:10,running,9.59817,45.34353333333333,87.0,81.0,True,False
fits/2015-05-28_14-15-15_d615f57d84.fit,2015-05-28 14:15:15,running,14.13061,75.55126666666666,19.0,20.0,True,False
fits/2015-05-30_19-47-36_59d04c6f35.fit,2015-05-30 19:47:36,running,7.15694,37.16531666666666,40.0,42.0,True,False
fits/2015-06-02_10-57-14_a20cbb861d.fit,2015-06-02 10:57:14,running,8.19843,39.175066666666666,40.0,41.0,True,False
fits/2015-06-04_10-52-08_9ed4b04044.fit,2015-06-04 10:52:08,running,8.63647,43.09081666666667,71.0,69.0,True,False
fits/2015-06-06_07-45-02_932fb07060.fit,2015-06-06 07:45:02,running,2.00399,10.81265,22.0,16.0,True,False
fits/2015-06-06_08-03-05_1ca3fff3ba.fit,2015-06-06 08:03:05,running,4.7685,20.8483,43.0,44.0,True,False
fits/2015-06-15_09-00-05_b8e41a7c8b.fit,2015-06-15 09:00:05,running,11.0005,58.7863,30.0,34.0,True,False
fits/2015-06-16_15-27-56_53043d7d96.fit,2015-06-16 15:27:56,running,6.00474,29.17171666666667,26.0,29.0,True,False
fits/2015-06-17_11-07-35_37593b0079.fit,2015-06-17 11:07:35,running,10.75632,55.01421666666667,40.0,36.0,True,False
fits/2015-06-19_12-01-05_5c2a3d110f.fit,2015-06-19 12:01:05,running,7.24773,33.065000000000005,86.0,81.0,True,False
fits/2015-06-21_06-40-31_c75d80a9e0.fit,2015-06-21 06:40:31,running,15.43011,82.59338333333334,194.0,188.0,True,False
fits/2015-06-23_15-24-14_36022701c7.fit,2015-06-23 15:24:14,running,5.99971,33.939883333333334,21.0,25.0,True,False
fits/2015-06-24_14-28-12_752f7ac8dd.fit,2015-06-24 14:28:12,running,5.22033,29.32275,7.0,19.0,True,False
fits/2015-06-26_15-53-33_ac051656ef.fit,2015-06-26 15:53:33,running,4.06508,19.98875,22.0,24.0,True,False
fits/2015-06-30_08-45-18_8499835087.fit,2015-06-30 08:45:18,running,3.4041,19.56185,6.0,21.0,True,False
fits/2015-06-30_10-05-33_fdc7583b2e.fit,2015-06-30 10:05:33,running,7.998069999999999,48.537416666666665,20.0,19.0,True,False
fits/2015-07-03_08-50-04_a421acd5c2.fit,2015-07-03 08:50:04,running,6.00594,28.889733333333332,34.0,30.0,True,False
fits/2015-07-06_08-38-36_2dbf6f9f0f.fit,2015-07-06 08:38:36,running,5.00213,27.863583333333334,5.0,14.0,True,False
fits/2015-07-06_09-09-56_43b854d71b.fit,2015-07-06 09:09:56,running,1.00783,4.9162,2.0,3.0,True,False
fits/2015-07-06_09-17-03_e100085c2f.fit,2015-07-06 09:17:03,running,0.51539,3.3696833333333336,3.0,0.0,True,False
fits/2015-07-07_07-10-50_c34e4a5bef.fit,2015-07-07 07:10:50,running,8.04859,43.40771666666667,68.0,62.0,True,False
fits/2015-07-08_09-44-43_4ef747ef94.fit,2015-07-08 09:44:43,running,3.29442,18.186966666666667,5.0,26.0,True,False
fits/2015-07-08_11-05-18_d2db256541.fit,2015-07-08 11:05:18,running,2.99748,17.301550000000002,20.0,5.0,True,False
fits/2015-07-11_14-27-49_c28f744ae6.fit,2015-07-11 14:27:49,running,10.99873,58.03805,37.0,32.0,True,False
fits/2015-07-12_08-53-17_a5ebe46460.fit,2015-07-12 08:53:17,running,7.31136,36.641333333333336,65.0,56.0,True,False
fits/2015-07-14_09-17-07_0bcc145bc1.fit,2015-07-14 09:17:07,running,16.1288,85.99163333333333,132.0,139.0,True,False
fits/2015-07-16_09-22-49_f06f46dcb3.fit,2015-07-16 09:22:49,running,13.49916,71.00661666666666,44.0,43.0,True,False
fits/2015-07-18_07-05-25_fc5a99969d.fit,2015-07-18 07:05:25,running,13.26904,66.00888333333333,148.0,129.0,True,False
fits/2015-07-20_10-35-10_85200f8ada.fit,2015-07-20 10:35:10,running,7.62425,36.72193333333333,14.0,7.0,True,False
fits/2015-07-22_14-32-17_29fa34f4dd.fit,2015-07-22 14:32:17,running,9.90301,50.656616666666665,121.0,119.0,True,False
fits/2015-07-24_09-14-24_6b29b49024.fit,2015-07-24 09:14:24,running,2.57185,16.419933333333333,74.0,67.0,True,False
fits/2015-07-24_09-33-24_909e63d566.fit,2015-07-24 09:33:24,running,7.00465,37.6235,65.0,82.0,True,False
fits/2015-07-26_07-06-02_a8f48895e4.fit,2015-07-26 07:06:02,running,16.278389999999998,87.80686666666666,181.0,160.0,True,False
fits/2015-07-27_15-11-15_d067e06cce.fit,2015-07-27 15:11:15,running,7.80744,37.55911666666667,29.0,28.0,True,False
fits/2015-07-29_14-53-07_5630824813.fit,2015-07-29 14:53:07,running,9.998700000000001,47.56791666666666,53.0,49.0,True,False
fits/2015-08-01_08-41-04_31f5225710.fit,2015-08-01 08:41:04,running,13.30783,69.1221,65.0,65.0,True,False
fits/2015-08-05_07-36-50_6b4bce856c.fit,2015-08-05 07:36:50,running,5.21965,26.520666666666667,54.0,54.0,True,False
fits/2015-08-06_06-32-36_59c275eb49.fit,2015-08-06 06:32:36,running,5.48117,29.627083333333335,51.0,56.0,True,False
fits/2015-08-07_12-38-43_fbde1cb5e3.fit,2015-08-07 12:38:43,running,5.243720000000001,29.067083333333336,24.0,24.0,True,False
fits/2015-08-10_09-46-54_6362c059ec.fit,2015-08-10 09:46:54,running,13.722040000000002,72.11793333333334,165.0,152.0,True,False
fits/2015-08-12_10-05-49_d9958e5ced.fit,2015-08-12 10:05:49,running,6.10115,28.630966666666666,2.0,0.0,True,False
fits/2015-08-15_19-20-32_2e9a6e72d8.fit,2015-08-15 19:20:32,running,9.994620000000001,48.715133333333334,96.0,101.0,True,False
fits/2015-08-18_12-39-46_fb8202ca17.fit,2015-08-18 12:39:46,running,13.00032,70.3488,33.0,35.0,True,False
fits/2015-08-22_07-42-11_7e9bae0b5f.fit,2015-08-22 07:42:11,running,2.0024100000000002,11.403516666666667,8.0,17.0,True,False
fits/2015-08-22_08-03-55_38f45378c6.fit,2015-08-22 08:03:55,running,4.73044,22.570216666666667,46.0,41.0,True,False
fits/2015-08-26_10-19-47_74a755a26d.fit,2015-08-26 10:19:47,running,11.46329,59.15363333333333,20.0,34.0,True,False
fits/2015-08-30_14-17-18_0173fd9e57.fit,2015-08-30 14:17:18,running,18.99968,104.238,122.0,121.0,True,False
fits/2015-09-01_09-14-46_c195e6b408.fit,2015-09-01 09:14:46,running,5.998810000000001,29.90083333333333,26.0,32.0,True,False
fits/2015-09-04_09-51-46_929ee9284b.fit,2015-09-04 09:51:46,running,1.99753,10.415,3.0,12.0,True,False
fits/2015-09-04_11-15-03_7fa1560266.fit,2015-09-04 11:15:03,running,1.99689,11.113583333333334,9.0,4.0,True,False
fits/2015-09-06_08-54-03_f5cb1c8593.fit,2015-09-06 08:54:03,running,16.19735,88.36391666666667,123.0,120.0,True,False
fits/2015-09-09_15-18-33_49c4e786d5.fit,2015-09-09 15:18:33,running,10.0022,49.56373333333333,15.0,26.0,True,False
fits/2015-09-12_08-03-17_1f5678f53c.fit,2015-09-12 08:03:17,running,17.00581,95.65953333333333,70.0,86.0,True,False
fits/2015-09-16_10-37-57_f2cd3d6d4a.fit,2015-09-16 10:37:57,running,6.000649999999999,31.790566666666667,23.0,26.0,True,False
fits/2015-09-20_08-19-14_00e3287cb7.fit,2015-09-20 08:19:14,running,10.150979999999999,49.8746,61.0,66.0,True,False
fits/2015-09-25_10-09-34_c0310fefb6.fit,2015-09-25 10:09:34,running,8.00072,44.721133333333334,35.0,38.0,True,False
fits/2015-09-26_15-15-34_6685c16666.fit,2015-09-26 15:15:34,running,15.99738,96.57008333333333,53.0,53.0,True,False
fits/2015-10-07_10-10-07_bfcca797c2.fit,2015-10-07 10:10:07,running,10.799209999999999,54.67555,13.0,19.0,True,False
fits/2015-10-11_08-57-39_b3ec0afecd.fit,2015-10-11 08:57:39,running,16.480310000000003,86.37721666666667,142.0,131.0,True,False
fits/2015-10-13_10-26-32_857c94b195.fit,2015-10-13 10:26:32,running,10.69518,51.036500000000004,18.0,16.0,True,False
fits/2015-10-16_10-12-49_77f2c852e5.fit,2015-10-16 10:12:49,running,6.155819999999999,30.318550000000002,28.0,33.0,True,False
fits/2015-10-18_10-00-07_1ce6e0be0d.fit,2015-10-18 10:00:07,running,16.15588,91.38153333333334,29.0,29.0,True,False
fits/2015-10-22_10-46-26_d3a1df038c.fit,2015-10-22 10:46:26,running,8.543899999999999,44.727133333333335,34.0,42.0,True,False
fits/2015-10-23_09-05-38_201e4ea3b6.fit,2015-10-23 09:05:38,running,9.638950000000001,44.786366666666666,16.0,116.0,True,False
fits/2015-10-25_10-39-37_8c1bdd4365.fit,2015-10-25 10:39:37,running,16.166719999999998,92.75126666666667,19101.0,11213.0,True,False
fits/2015-10-27_11-33-19_847a195ac5.fit,2015-10-27 11:33:19,running,3.5067,17.519883333333333,8.0,19.0,True,False
fits/2015-10-27_12-49-46_815b4c31df.fit,2015-10-27 12:49:46,running,3.24743,16.550016666666668,19.0,5.0,True,False
fits/2015-10-28_11-55-26_a1f590fea4.fit,2015-10-28 11:55:26,running,10.76921,50.184733333333334,13.0,14.0,True,False
fits/2015-10-31_08-43-12_e097ed9678.fit,2015-10-31 08:43:12,running,2.00512,10.580766666666667,19.0,13.0,True,False
fits/2015-10-31_09-03-56_3f0c544825.fit,2015-10-31 09:03:56,running,4.82062,20.688633333333332,41.0,42.0,True,False
fits/2015-11-01_10-39-22_311b7dbf97.fit,2015-11-01 10:39:22,running,16.15843,94.45688333333332,138.0,140.0,True,False
fits/2015-11-04_12-21-57_f6b54f6856.fit,2015-11-04 12:21:57,running,10.71997,53.844366666666666,8.0,15.0,True,False
fits/2015-11-08_11-48-56_a49e714f91.fit,2015-11-08 11:48:56,running,16.158540000000002,83.50874999999999,56.0,52.0,True,False
fits/2015-11-12_11-54-42_73e595c374.fit,2015-11-12 11:54:42,running,15.00019,77.78516666666665,23.0,51.0,True,False
fits/2015-11-14_12-59-26_925b9fefd2.fit,2015-11-14 12:59:26,running,15.00994,79.84871666666666,18310.0,14197.0,True,False
fits/2015-11-16_12-20-30_8b1a9c4e19.fit,2015-11-16 12:20:30,running,6.1905,27.702083333333334,11173.0,0.0,True,False
fits/2015-11-18_11-36-58_a09ae42828.fit,2015-11-18 11:36:58,running,10.78983,51.385416666666664,40.0,34.0,True,False
fits/2015-11-20_10-43-16_7f150159b9.fit,2015-11-20 10:43:16,running,12.00621,57.393299999999996,80.0,59.0,True,False
fits/2015-11-22_14-21-25_810c5abb10.fit,2015-11-22 14:21:25,running,15.00607,86.07158333333334,162.0,151.0,True,False
fits/2015-11-24_10-43-23_d93b52587b.fit,2015-11-24 10:43:23,running,4.748810000000001,20.083033333333333,23.0,168.0,True,False
fits/2015-11-24_12-19-58_7165ebb704.fit,2015-11-24 12:19:58,running,3.30029,19.512016666666668,14.0,31.0,True,False
fits/2015-11-26_11-07-35_7ec17a301b.fit,2015-11-26 11:07:35,running,10.76316,47.6981,0.0,8166.0,True,False
fits/2015-11-27_10-44-56_2925644e82.fit,2015-11-27 10:44:56,running,3.4355,18.236033333333335,158.0,333.0,True,False
fits/2015-11-27_12-11-03_269ab0dc05.fit,2015-11-27 12:11:03,running,3.3906,19.952233333333332,9.0,165.0,True,False
fits/2015-11-30_12-44-07_11c620e8c1.fit,2015-11-30 12:44:07,running,15.53576,73.12481666666666,204.0,210.0,True,False
fits/2015-12-01_12-21-18_2d5e980a01.fit,2015-12-01 12:21:18,running,8.18862,35.2368,17.0,16.0,True,False
fits/2015-12-03_13-45-21_35d77862f4.fit,2015-12-03 13:45:21,running,8.751389999999999,41.802566666666664,45.0,31.0,True,False
fits/2015-12-06_09-57-31_a43f74a3a0.fit,2015-12-06 09:57:31,running,20.005950000000002,108.86735,93.0,106.0,True,False
fits/2015-12-07_10-41-21_98d164ab6a.fit,2015-12-07 10:41:21,running,3.45709,18.5139,5.0,23.0,True,False
fits/2015-12-12_08-47-34_ed383a288f.fit,2015-12-12 08:47:34,running,1.06761,6.0906666666666665,8.0,8.0,True,False
fits/2015-12-12_09-03-43_653393ca39.fit,2015-12-12 09:03:43,running,4.81768,20.252883333333333,41.0,44.0,True,False
fits/2015-12-13_09-14-21_1e05cd258f.fit,2015-12-13 09:14:21,running,1.50836,7.60405,8.0,10.0,True,False
fits/2015-12-13_10-02-47_facb0d6a6e.fit,2015-12-13 10:02:47,running,9.92813,40.2407,45.0,45.0,True,False
fits/2015-12-15_10-58-25_b13dc16e24.fit,2015-12-15 10:58:25,running,3.50003,17.028433333333332,8.0,25.0,True,False
fits/2015-12-15_12-21-18_8910a97109.fit,2015-12-15 12:21:18,running,2.99623,17.619516666666666,18.0,6.0,True,False
fits/2015-12-17_17-02-27_3e3c2129cc.fit,2015-12-17 17:02:27,running,6.49921,32.10808333333333,23.0,37.0,True,False
fits/2015-12-19_08-39-41_95858e77b1.fit,2015-12-19 08:39:41,running,2.30808,11.9348,18.0,14.0,True,False
fits/2015-12-19_09-06-14_bcde67351e.fit,2015-12-19 09:06:14,running,4.96395,19.983333333333334,59.0,54.0,True,False
fits/2015-12-19_09-38-29_2dd143f61b.fit,2015-12-19 09:38:29,running,2.0003699999999998,12.611716666666666,13.0,9.0,True,False
fits/2015-12-22_13-20-33_54cd42e81c.fit,2015-12-22 13:20:33,running,8.68249,43.28021666666667,51.0,61.0,True,False
fits/2015-12-24_09-20-03_c5b9e73ae0.fit,2015-12-24 09:20:03,running,7.63871,34.99568333333333,38.0,28.0,True,False
fits/2015-12-25_08-28-30_9e563df37a.fit,2015-12-25 08:28:30,running,7.49934,34.56596666666667,26.0,32.0,True,False
fits/2015-12-26_11-04-24_699df099e3.fit,2015-12-26 11:04:24,running,7.667479999999999,33.06028333333333,25.0,27.0,True,False
fits/2015-12-27_10-42-41_6683a314e3.fit,2015-12-27 10:42:41,running,7.52756,36.643283333333336,23.0,31.0,True,False
fits/2016-01-02_08-44-08_57fe72ab11.fit,2016-01-02 08:44:08,running,2.1504000000000003,11.604216666666668,22.0,19.0,True,False
fits/2016-01-02_09-04-15_5cfb4d35d2.fit,2016-01-02 09:04:15,running,4.85906,20.1207,39.0,40.0,True,False
fits/2016-01-04_15-22-58_78c7657e6a.fit,2016-01-04 15:22:58,running,16.16255,78.1515,39.0,61.0,True,False
fits/2016-01-06_09-49-43_41002198d1.fit,2016-01-06 09:49:43,running,3.39902,16.199466666666666,4.0,24.0,True,False
fits/2016-01-06_11-08-53_a40c2be6d2.fit,2016-01-06 11:08:53,running,3.1974,19.38205,20.0,6.0,True,False
fits/2016-01-08_11-16-04_0a4bd0276a.fit,2016-01-08 11:16:04,running,10.69894,49.05506666666667,21.0,15.0,True,False
fits/2016-01-09_09-34-05_7c23e1d301.fit,2016-01-09 09:34:05,running,16.17297,93.92641666666667,146.0,131.0,True,False
fits/2016-01-11_10-13-43_7486ae3c71.fit,2016-01-11 10:13:43,running,3.4386,16.810016666666666,4.0,26.0,True,False
fits/2016-01-11_11-38-30_1e78923c47.fit,2016-01-11 11:38:30,running,3.8056900000000002,19.47061666666667,20.0,8.0,True,False
fits/2016-01-12_17-14-22_87970aae31.fit,2016-01-12 17:14:22,running,3.01337,19.903383333333334,19.0,23.0,True,False
fits/2016-01-13_11-13-05_f00d903bd1.fit,2016-01-13 11:13:05,running,10.73319,48.58283333333333,18.0,15.0,True,False
fits/2016-01-17_15-35-01_58e9e417b8.fit,2016-01-17 15:35:01,running,16.17609,76.26086666666667,178.0,177.0,True,False
fits/2016-01-22_10-59-44_eaa883d880.fit,2016-01-22 10:59:44,running,10.70464,51.386100000000006,0.0,0.0,True,False
fits/2016-01-24_09-07-31_352ae585bf.fit,2016-01-24 09:07:31,running,1.70665,8.840683333333335,2.0,3.0,True,False
fits/2016-01-24_09-40-42_50d5feb1d0.fit,2016-01-24 09:40:42,running,9.92548,42.920833333333334,8.0,12.0,True,False
fits/2016-01-24_10-37-42_0437007fd5.fit,2016-01-24 10:37:42,running,5.00429,28.65915,23.0,5.0,True,False
fits/2016-01-26_11-16-26_e68ce16cec.fit,2016-01-26 11:16:26,running,6.47741,30.181266666666666,3.0,130.0,True,False
fits/2016-01-27_10-43-41_d1f14f4f98.fit,2016-01-27 10:43:41,running,12.22193,65.51928333333333,57.0,57.0,True,False
fits/2016-01-29_11-54-35_5964cf3e0f.fit,2016-01-29 11:54:35,running,1.08613,6.03085,12.0,646.0,True,False
fits/2016-01-29_12-33-24_62f535c7b9.fit,2016-01-29 12:33:24,running,4.94531,20.00415,14.0,1198.0,True,False
fits/2016-01-30_12-49-18_56c09269c1.fit,2016-01-30 12:49:18,running,14.259879999999999,81.77331666666667,485.0,482.0,True,False
fits/2016-02-02_10-46-41_7f251b8630.fit,2016-02-02 10:46:41,running,3.5007800000000002,15.350566666666667,5.0,24.0,True,False
fits/2016-02-02_12-08-15_ac02e3425a.fit,2016-02-02 12:08:15,running,3.5086,18.397683333333337,35.0,13.0,True,False
fits/2016-02-03_11-37-36_9fa5a97ee3.fit,2016-02-03 11:37:36,running,7.06988,31.610400000000002,0.0,8627.0,True,False
fits/2016-02-04_10-58-42_45a6b640eb.fit,2016-02-04 10:58:42,running,10.64083,48.52451666666666,15.0,39.0,True,False
fits/2016-02-06_09-28-31_87077ad6da.fit,2016-02-06 09:28:31,running,24.14426,131.99995,46.0,551.0,True,False
fits/2016-02-08_12-34-31_1b52f56029.fit,2016-02-08 12:34:31,running,8.1259,38.080933333333334,0.0,0.0,True,False
fits/2016-02-10_11-13-53_16e2b15615.fit,2016-02-10 11:13:53,running,12.056790000000001,59.438316666666665,5.0,344.0,True,False
fits/2016-02-11_11-52-57_9294601cf2.fit,2016-02-11 11:52:57,running,10.69654,48.501216666666664,6.0,93.0,True,False
fits/2016-02-19_16-06-27_6e3145bfaf.fit,2016-02-19 16:06:27,running,5.00254,24.22211666666667,0.0,0.0,False,False
fits/2016-02-22_15-58-56_2571aadd27.fit,2016-02-22 15:58:56,running,16.15899,77.26960000000001,107.0,113.0,True,False
fits/2016-02-24_11-07-55_0919475427.fit,2016-02-24 11:07:55,running,10.70458,51.472166666666666,17.0,16.0,True,False
fits/2016-02-27_09-52-11_4b08d0af88.fit,2016-02-27 09:52:11,running,20.005029999999998,104.20155,0.0,0.0,True,False
fits/2016-02-29_10-36-42_3d23c48266.fit,2016-02-29 10:36:42,running,11.2306,53.6747,5833.0,2301.0,True,False
fits/2016-03-01_10-29-35_cdf3762ecc.fit,2016-03-01 10:29:35,running,6.0617600000000005,31.708016666666666,9.0,8026.0,False,False
fits/2016-03-03_10-46-26_9870d88d8f.fit,2016-03-03 10:46:26,running,13.68341,63.40618333333334,0.0,0.0,True,False
fits/2016-03-05_09-09-54_7e03f839f4.fit,2016-03-05 09:09:54,running,22.003220000000002,116.23101666666666,0.0,0.0,True,False
fits/2016-03-06_10-25-11_fa5b15b458.fit,2016-03-06 10:25:11,running,5.0013000000000005,32.63805,11.0,672.0,True,False
fits/2016-03-06_11-10-59_379555e02c.fit,2016-03-06 11:10:59,running,3.99986,17.950516666666665,6.0,655.0,True,False
fits/2016-03-07_10-19-55_acd530e433.fit,2016-03-07 10:19:55,running,11.44584,54.4138,40.0,176.0,True,False
fits/2016-03-09_11-12-55_199113eda7.fit,2016-03-09 11:12:55,running,13.02142,60.165083333333335,172.0,4212.0,True,False
fits/2016-03-11_10-31-36_abb0a3f25d.fit,2016-03-11 10:31:36,running,5.75429,28.058583333333335,9.0,32.0,True,False
fits/2016-03-11_12-10-24_5b87fa7815.fit,2016-03-11 12:10:24,running,3.6573,20.299216666666666,19.0,7.0,True,False
fits/2016-03-12_09-48-02_9beed36384.fit,2016-03-12 09:48:02,running,28.16417,152.4581,125.0,133.0,True,False
fits/2016-03-14_09-52-01_cbf65600ee.fit,2016-03-14 09:52:01,running,10.202459999999999,49.64073333333333,0.0,0.0,True,False
fits/2016-03-15_09-13-51_a1b2db2558.fit,2016-03-15 09:13:51,running,4.375,25.73806666666667,0.0,0.0,True,False
fits/2016-03-18_12-05-45_e81abd00d1.fit,2016-03-18 12:05:45,running,2.61998,13.480866666666666,0.0,30.0,True,False
fits/2016-03-18_12-33-07_29b236d844.fit,2016-03-18 12:33:07,running,4.93007,19.702416666666668,42.0,3886.0,True,False
fits/2016-03-18_13-04-47_49c89d70b9.fit,2016-03-18 13:04:47,running,6.43655,32.01076666666667,8.0,3490.0,True,False
fits/2016-03-19_11-29-50_aa8a432980.fit,2016-03-19 11:29:50,running,3.02297,20.450066666666665,0.0,0.0,True,False
fits/2016-03-20_10-09-47_9289e69c17.fit,2016-03-20 10:09:47,running,24.00273,117.78925,1591.0,0.0,True,False
fits/2016-03-26_10-08-18_c7683144ff.fit,2016-03-26 10:08:18,running,12.23417,55.418366666666664,10.0,8.0,True,False
fits/2016-03-27_09-58-24_520f9df2f5.fit,2016-03-27 09:58:24,running,31.00663,175.15495,340.0,312.0,True,False
fits/2016-03-30_09-20-02_6d78975a96.fit,2016-03-30 09:20:02,running,9.339049999999999,60.263133333333336,341.0,335.0,True,False
fits/2016-03-31_09-59-02_bb7c94bc1c.fit,2016-03-31 09:59:02,running,9.11366,51.717616666666665,324.0,337.0,True,False
fits/2016-04-01_10-38-50_efa7947d50.fit,2016-04-01 10:38:50,running,9.100040000000002,60.09871666666666,333.0,335.0,True,False
fits/2016-04-04_09-45-55_45a907fca3.fit,2016-04-04 09:45:55,running,2.16488,13.979533333333334,67.0,72.0,True,False
fits/2016-04-04_10-21-38_c949069de2.fit,2016-04-04 10:21:38,running,9.701799999999999,54.39223333333334,322.0,320.0,True,False
fits/2016-04-06_12-11-10_182ee2165a.fit,2016-04-06 12:11:10,running,12.7962,60.007533333333335,37.0,45.0,True,False
fits/2016-04-07_14-04-05_4012cee9d8.fit,2016-04-07 14:04:05,running,23.83716,120.50551666666667,67.0,72.0,True,False
fits/2016-04-08_16-51-40_0c6a76323c.fit,2016-04-08 16:51:40,running,13.500950000000001,68.26613333333333,83.0,73.0,True,False
fits/2016-04-10_07-50-36_051bd70ada.fit,2016-04-10 07:50:36,running,10.011299999999999,46.09921666666666,63.0,65.0,True,False
fits/2016-04-14_14-11-51_38bb67d741.fit,2016-04-14 14:11:51,running,12.74114,60.02498333333333,35.0,30.0,True,False
fits/2016-04-15_10-43-41_b07685cd1d.fit,2016-04-15 10:43:41,running,3.45059,18.058833333333332,7.0,17.0,True,False
fits/2016-04-15_12-06-50_4ef110fad5.fit,2016-04-15 12:06:50,running,3.7501700000000002,19.9628,22.0,5.0,True,False
fits/2016-04-17_13-43-24_bbd9ba0b59.fit,2016-04-17 13:43:24,running,32.00205,190.25005000000002,146.0,154.0,True,False
fits/2016-04-19_08-43-00_05ccc6fc5d.fit,2016-04-19 08:43:00,running,3.34218,17.706383333333335,7.0,296.0,True,False
fits/2016-04-19_10-12-10_86ea91b6a3.fit,2016-04-19 10:12:10,running,3.44836,18.65083333333333,1.0,226.0,True,False
fits/2016-04-20_07-40-34_0c547a3d51.fit,2016-04-20 07:40:34,running,14.6609,69.37386666666666,26.0,24.0,True,False
fits/2016-04-22_08-07-50_2f49060904.fit,2016-04-22 08:07:50,running,12.94119,60.01891666666667,94.0,86.0,True,False
fits/2016-04-24_09-37-40_36cb987ecf.fit,2016-04-24 09:37:40,running,31.00498,153.39076666666668,103.0,87.0,True,False
fits/2016-04-27_10-57-55_a885c2cfb4.fit,2016-04-27 10:57:55,running,12.00489,55.324016666666665,39.0,38.0,True,False
fits/2016-04-29_11-07-58_ec368ab077.fit,2016-04-29 11:07:58,running,2.00341,11.09215,262.0,788.0,True,False
fits/2016-04-29_11-33-31_f30fed52e5.fit,2016-04-29 11:33:31,running,4.91348,19.717633333333332,159.0,971.0,True,False
fits/2016-04-29_12-03-49_84a4621066.fit,2016-04-29 12:03:49,running,1.20152,6.292683333333333,0.0,676.0,True,False
fits/2016-04-30_07-17-11_4d0aa98b6e.fit,2016-04-30 07:17:11,running,16.16013,74.52118333333333,242.0,1774.0,True,False
fits/2016-05-06_10-51-46_9b31847ad0.fit,2016-05-06 10:51:46,running,10.24993,50.4138,63.0,73.0,True,False
fits/2016-05-08_08-17-35_e2ef7a5fbf.fit,2016-05-08 08:17:35,running,20.99147,93.94353333333333,74.0,74.0,True,False
fits/2016-05-11_08-16-41_813c99fdbc.fit,2016-05-11 08:16:41,running,10.004809999999999,48.622733333333336,49.0,57.0,True,False
fits/2016-05-12_07-55-23_3a20d7c00c.fit,2016-05-12 07:55:23,running,13.2385,64.44078333333333,26.0,23.0,True,False
fits/2016-05-13_08-46-26_837a5963b8.fit,2016-05-13 08:46:26,running,3.50125,15.370733333333334,4.0,27.0,True,False
fits/2016-05-13_09-58-24_ed5842f2ef.fit,2016-05-13 09:58:24,running,3.6756599999999997,19.227983333333334,23.0,11.0,True,False
fits/2016-05-15_09-57-05_673d274840.fit,2016-05-15 09:57:05,running,16.217100000000002,78.14816666666667,51.0,60.0,True,False
fits/2016-05-18_10-09-19_0e627d1993.fit,2016-05-18 10:09:19,running,10.505360000000001,46.484233333333336,16.0,32.0,True,False
fits/2016-05-21_06-18-40_01994d2fdd.fit,2016-05-21 06:18:40,running,4.636,24.500549999999997,12.0,13.0,True,False
fits/2016-05-22_07-31-11_9a8dfe4277.fit,2016-05-22 07:31:11,running,42.10424,194.50671666666668,98.0,98.0,True,True
fits/2016-05-29_08-58-20_a1f8ee1901.fit,2016-05-29 08:58:20,running,13.004620000000001,67.22291666666666,145.0,136.0,True,False
fits/2016-06-01_08-47-16_3733871118.fit,2016-06-01 08:47:16,running,11.84339,64.74536666666667,167.0,166.0,True,False
fits/2016-06-02_06-38-14_105a81a69e.fit,2016-06-02 06:38:14,running,10.724969999999999,55.11548333333334,156.0,155.0,True,False
fits/2016-06-03_07-00-26_6ae90ffa37.fit,2016-06-03 07:00:26,running,10.67024,59.84746666666667,156.0,156.0,True,False
fits/2016-06-05_09-44-04_1e7d8983e8.fit,2016-06-05 09:44:04,running,14.00324,67.09094999999999,114.0,128.0,True,False
fits/2016-06-06_09-46-22_f704ff72bc.fit,2016-06-06 09:46:22,running,2.99698,15.505566666666665,7.0,9.0,True,False
fits/2016-06-07_10-05-29_d403e36d84.fit,2016-06-07 10:05:29,running,8.25365,42.805,60.0,65.0,True,False
fits/2016-06-09_10-19-05_ef44c54cac.fit,2016-06-09 10:19:05,running,11.47892,52.98461666666667,19.0,18.0,True,False
fits/2016-06-10_11-09-10_adaffb9bb0.fit,2016-06-10 11:09:10,running,5.33354,26.716099999999997,23.0,25.0,True,False
fits/2016-06-12_09-41-32_a4aeb51f84.fit,2016-06-12 09:41:32,running,16.16685,77.56103333333334,154.0,160.0,True,False
fits/2016-06-13_09-49-07_4521ac97a1.fit,2016-06-13 09:49:07,running,3.0568,14.302033333333332,9.0,10.0,True,False
fits/2016-06-15_09-51-38_59e214e7d7.fit,2016-06-15 09:51:38,running,14.00436,65.22608333333334,34.0,43.0,True,False
fits/2016-06-18_11-04-39_b3d0c7f2b1.fit,2016-06-18 11:04:39,running,10.054129999999999,47.23923333333333,67.0,74.0,True,False
fits/2016-06-23_09-04-44_c1fe902b05.fit,2016-06-23 09:04:44,running,6.00389,28.687483333333333,27.0,23.0,True,False
fits/2016-06-24_11-32-21_37e09b263b.fit,2016-06-24 11:32:21,running,5.03401,20.0447,28.0,27.0,True,False
fits/2016-06-25_07-40-34_0536487b68.fit,2016-06-25 07:40:34,running,1.56394,11.069516666666667,13.0,12.0,True,False
fits/2016-06-25_08-06-33_ee1a04062b.fit,2016-06-25 08:06:33,running,4.95852,20.398883333333334,45.0,41.0,True,False
fits/2016-06-27_10-08-55_e3e62b2f86.fit,2016-06-27 10:08:55,running,3.29961,14.039666666666667,3.0,17.0,True,False
fits/2016-06-27_11-29-32_ba4b8d5923.fit,2016-06-27 11:29:32,running,3.3304899999999997,18.24185,20.0,6.0,True,False
fits/2016-06-27_14-15-08_bc1ad3319f.fit,2016-06-27 14:15:08,running,3.4326,17.188216666666666,6.0,23.0,True,False
fits/2016-07-01_10-58-20_42ef3457c8.fit,2016-07-01 10:58:20,running,11.31198,54.91968333333333,26.0,34.0,True,False
fits/2016-07-03_07-55-22_972f358f07.fit,2016-07-03 07:55:22,running,1.48556,7.7219999999999995,10.0,4.0,True,False
fits/2016-07-03_08-31-15_eb8adb53be.fit,2016-07-03 08:31:15,running,9.961129999999999,41.4946,56.0,57.0,True,False
fits/2016-07-04_09-51-15_62112d1df6.fit,2016-07-04 09:51:15,running,2.74821,13.433366666666666,9.0,9.0,True,False
fits/2016-07-05_15-20-18_d14a7139df.fit,2016-07-05 15:20:18,running,6.63805,33.16555,30.0,25.0,True,False
fits/2016-07-06_07-51-42_23f51945d5.fit,2016-07-06 07:51:42,running,9.22801,43.9023,12.0,32.0,True,False
fits/2016-07-07_13-49-10_d39d484f23.fit,2016-07-07 13:49:10,running,6.549300000000001,31.609283333333334,13.0,29.0,True,False
fits/2016-07-09_11-30-14_949178c580.fit,2016-07-09 11:30:14,running,20.00453,103.91834999999999,89.0,92.0,True,False
fits/2016-07-11_08-13-08_3c3caf0ffc.fit,2016-07-11 08:13:08,running,12.613430000000001,60.28176666666666,77.0,57.0,True,False
fits/2016-07-14_10-20-45_a4d47c6d10.fit,2016-07-14 10:20:45,running,8.49817,38.76275,40.0,36.0,True,False
fits/2016-07-16_16-50-44_a882a70930.fit,2016-07-16 16:50:44,running,8.44421,36.8977,49.0,55.0,True,False
fits/2016-07-18_07-11-57_85325f4caf.fit,2016-07-18 07:11:57,running,10.096540000000001,54.98853333333333,131.0,129.0,True,False
fits/2016-07-19_06-15-41_2be3e70478.fit,2016-07-19 06:15:41,running,10.43756,58.5378,145.0,136.0,True,False
fits/2016-07-21_08-43-51_f3271bb8b9.fit,2016-07-21 08:43:51,running,13.40529,66.15283333333333,135.0,140.0,True,False
fits/2016-07-23_09-10-49_7fddad33b6.fit,2016-07-23 09:10:49,running,10.478879999999998,53.451566666666665,127.0,133.0,True,False
fits/2016-07-25_12-42-20_d7895ff688.fit,2016-07-25 12:42:20,running,9.21422,43.14565,21.0,17.0,True,False
fits/2016-07-28_17-08-18_f464f3a056.fit,2016-07-28 17:08:18,running,10.4465,51.7111,128.0,121.0,True,False
fits/2016-07-30_08-09-22_f77601d3d2.fit,2016-07-30 08:09:22,running,5.00512,21.682666666666666,47.0,63.0,True,False
fits/2016-08-01_10-15-30_f52d114518.fit,2016-08-01 10:15:30,running,9.19639,41.722899999999996,22.0,22.0,True,False
fits/2016-08-02_09-57-39_da75e0c319.fit,2016-08-02 09:57:39,running,16.19316,87.41198333333334,157.0,163.0,True,False
fits/2016-08-04_08-30-22_cc95e9bc8f.fit,2016-08-04 08:30:22,running,10.19381,45.964349999999996,113.0,113.0,True,False
fits/2016-08-06_07-17-18_0783d96d2b.fit,2016-08-06 07:17:18,running,10.465729999999999,52.20021666666666,132.0,136.0,True,False
fits/2016-08-07_16-30-26_6499620b43.fit,2016-08-07 16:30:26,running,10.00436,44.2392,56.0,54.0,True,False
fits/2016-08-08_15-11-12_50f737f57b.fit,2016-08-08 15:11:12,running,12.15699,59.10831666666666,55.0,51.0,True,False
fits/2016-08-09_16-16-43_e73aa784ec.fit,2016-08-09 16:16:43,running,2.56713,25.553866666666668,15.0,14.0,True,False
fits/2016-08-09_16-49-26_7631c118a3.fit,2016-08-09 16:49:26,running,6.34381,28.307983333333333,21.0,20.0,True,False
fits/2016-08-12_07-36-34_36fb510154.fit,2016-08-12 07:36:34,running,4.841069999999999,36.29305,56.0,52.0,True,False
fits/2016-08-13_18-53-38_418a62739e.fit,2016-08-13 18:53:38,running,1.01509,6.431783333333333,2.0,17.0,True,False
fits/2016-08-13_19-25-06_6f1a4b7e14.fit,2016-08-13 19:25:06,running,10.041409999999999,42.638083333333334,95.0,104.0,True,False
fits/2016-08-15_09-43-16_da7afbaaf8.fit,2016-08-15 09:43:16,running,8.06676,45.9687,109.0,105.0,True,False
fits/2016-08-17_07-30-57_20121f63e2.fit,2016-08-17 07:30:57,running,10.30819,55.00371666666667,135.0,137.0,True,False
fits/2016-08-18_16-08-34_f4ab787613.fit,2016-08-18 16:08:34,running,12.78669,60.016216666666665,50.0,54.0,True,False
fits/2016-08-19_16-07-41_2698756f0c.fit,2016-08-19 16:07:41,running,6.804939999999999,34.505766666666666,388.0,394.0,True,False
fits/2016-08-21_08-39-43_60d7672a81.fit,2016-08-21 08:39:43,running,19.00475,103.29668333333333,1227.0,1236.0,True,False
fits/2016-08-25_10-45-37_c0e2615ea1.fit,2016-08-25 10:45:37,running,11.51249,59.72873333333334,741.0,768.0,True,False
fits/2016-08-28_07-51-49_7974f0819e.fit,2016-08-28 07:51:49,running,10.42065,77.66908333333335,416.0,405.0,True,False
fits/2016-08-31_11-13-33_d4fcf69c7f.fit,2016-08-31 11:13:33,running,6.06717,35.441633333333336,45.0,47.0,True,False
fits/2016-09-04_09-47-55_e79da4aff5.fit,2016-09-04 09:47:55,running,12.59382,60.060050000000004,87.0,89.0,True,False
fits/2016-09-06_09-45-19_c32de2045d.fit,2016-09-06 09:45:19,running,4.56169,21.742816666666666,9.0,27.0,True,False
fits/2016-09-06_11-16-50_dfb2c22c3d.fit,2016-09-06 11:16:50,running,2.55601,14.610816666666667,21.0,3.0,True,False
fits/2016-09-07_10-23-39_ef23ecf668.fit,2016-09-07 10:23:39,running,11.03723,53.78236666666667,15.0,26.0,True,False
fits/2016-09-10_07-42-10_8d9747d867.fit,2016-09-10 07:42:10,running,2.45467,14.57,26.0,22.0,True,False
fits/2016-09-10_08-03-08_33a44a5626.fit,2016-09-10 08:03:08,running,4.8303,20.339350000000003,45.0,40.0,True,False
fits/2016-09-11_14-05-50_0b3da2a99d.fit,2016-09-11 14:05:50,running,16.17481,91.05821666666667,142.0,132.0,True,False
fits/2016-09-12_09-49-43_f8645f2ce1.fit,2016-09-12 09:49:43,running,3.00726,14.87645,8.0,6.0,True,False
fits/2016-09-15_10-51-06_96d7c662a6.fit,2016-09-15 10:51:06,running,12.84951,64.77238333333334,113.0,106.0,True,False
fits/2016-09-18_09-34-04_3ecf7a54b3.fit,2016-09-18 09:34:04,running,10.00486,42.137816666666666,62.0,59.0,True,False
fits/2016-09-20_09-50-51_9ae3a3a760.fit,2016-09-20 09:50:51,running,3.0570500000000003,14.564466666666668,4.0,21.0,True,False
fits/2016-09-20_11-06-45_948c6743ef.fit,2016-09-20 11:06:45,running,2.51362,13.794183333333333,20.0,3.0,True,False
fits/2016-09-21_10-12-41_fa41c25e94.fit,2016-09-21 10:12:41,running,13.50263,65.84613333333333,26.0,25.0,True,False
fits/2016-09-24_07-45-09_30989013f7.fit,2016-09-24 07:45:09,running,2.26152,11.671766666666667,24.0,21.0,True,False
fits/2016-09-24_08-01-32_c703ac6a0d.fit,2016-09-24 08:01:32,running,4.87571,19.9907,45.0,37.0,True,False
fits/2016-09-25_09-22-47_1e78808b46.fit,2016-09-25 09:22:47,running,24.00553,133.89513333333332,176.0,182.0,True,False
fits/2016-09-28_08-42-21_23aeff331f.fit,2016-09-28 08:42:21,running,8.00772,39.187,34.0,15.0,True,False
fits/2016-09-29_10-50-45_5ddd722711.fit,2016-09-29 10:50:45,running,5.42379,27.978133333333336,20.0,11.0,True,False
fits/2016-09-29_11-21-50_be3341c7b3.fit,2016-09-29 11:21:50,running,8.30806,44.339150000000004,53.0,47.0,True,False
fits/2016-10-01_07-36-12_a905334c96.fit,2016-10-01 07:36:12,running,3.01475,16.258166666666668,26.0,19.0,True,False
fits/2016-10-03_11-08-24_1895f13dbe.fit,2016-10-03 11:08:24,running,17.009520000000002,80.17458333333335,186.0,192.0,True,False
fits/2016-10-04_13-36-17_55fd1a58b7.fit,2016-10-04 13:36:17,running,8.42328,44.12311666666667,17.0,30.0,True,False
fits/2016-10-05_10-51-25_32fe1a022e.fit,2016-10-05 10:51:25,running,10.75127,51.783483333333336,36.0,34.0,True,False
fits/2016-10-09_08-03-55_6915747eaf.fit,2016-10-09 08:03:55,running,21.13841,86.84493333333333,89.0,90.0,True,False
fits/2016-10-12_11-18-20_3c9b714496.fit,2016-10-12 11:18:20,running,13.00396,64.2193,30.0,26.0,True,False
fits/2016-10-14_09-01-33_b950c0b230.fit,2016-10-14 09:01:33,running,10.00187,52.540033333333334,76.0,69.0,True,False
fits/2016-10-15_10-13-09_d9e15a1753.fit,2016-10-15 10:13:09,running,18.07956,86.38138333333333,56.0,63.0,True,False
fits/2016-10-17_11-08-16_372069a811.fit,2016-10-17 11:08:16,running,11.68188,54.90368333333333,42.0,39.0,True,False
fits/2016-10-18_09-39-34_d2160c4b08.fit,2016-10-18 09:39:34,running,5.00378,22.436116666666667,10.0,10.0,True,False
fits/2016-10-19_10-11-26_b5993ad2b2.fit,2016-10-19 10:11:26,running,11.57776,55.17861666666667,19.0,16.0,True,False
fits/2016-10-21_18-31-17_42f2019bbd.fit,2016-10-21 18:31:17,running,8.70113,45.4538,40.0,45.0,True,False
fits/2016-10-23_07-44-20_c7e66bc704.fit,2016-10-23 07:44:20,running,3.39237,18.777183333333333,11.0,20.0,True,False
fits/2016-10-23_08-36-03_44b1aaeb28.fit,2016-10-23 08:36:03,running,10.01028,39.33823333333333,4.0,5.0,True,False
fits/2016-10-23_09-25-31_cc1a5839e8.fit,2016-10-23 09:25:31,running,3.7557300000000002,21.11535,18.0,11.0,True,False
fits/2016-10-25_10-28-25_8db8e53d7f.fit,2016-10-25 10:28:25,running,12.89839,60.01116666666667,29.0,34.0,True,False
fits/2016-10-26_14-43-37_095c6d1beb.fit,2016-10-26 14:43:37,running,14.32793,74.67558333333334,154.0,161.0,True,False
fits/2016-10-27_17-32-11_9abc567f8f.fit,2016-10-27 17:32:11,running,6.67084,30.875883333333334,37.0,36.0,True,False
fits/2016-10-29_12-06-25_41b59351ea.fit,2016-10-29 12:06:25,running,15.01553,71.9944,135.0,135.0,True,False
fits/2016-10-31_12-59-04_cb0bfbe73d.fit,2016-10-31 12:59:04,running,18.83709,95.22325000000001,158.0,148.0,True,False
fits/2016-11-02_16-01-05_a19a660255.fit,2016-11-02 16:01:05,running,6.164,26.97285,9.0,27.0,True,False
fits/2016-11-03_10-46-38_aab3bffe44.fit,2016-11-03 10:46:38,running,3.53889,15.52265,7.0,28.0,True,False
fits/2016-11-03_12-09-32_613b40bc57.fit,2016-11-03 12:09:32,running,2.81954,14.994416666666666,28.0,2.0,True,False
fits/2016-11-04_11-11-25_f283b2f4e9.fit,2016-11-04 11:11:25,running,16.16932,75.99289999999999,58.0,50.0,True,False
fits/2016-11-05_11-33-17_215c69fe87.fit,2016-11-05 11:33:17,running,10.61707,54.348283333333335,72.0,81.0,True,False
fits/2016-11-06_08-03-12_4ba83fe194.fit,2016-11-06 08:03:12,running,14.23566,65.46618333333333,46.0,38.0,True,False
fits/2016-11-09_11-15-41_87abb0b526.fit,2016-11-09 11:15:41,running,14.154309999999999,69.46409999999999,65.0,81.0,True,False
fits/2016-11-10_12-03-18_c0637e0ebb.fit,2016-11-10 12:03:18,running,16.16637,74.68103333333333,55.0,41.0,True,False
fits/2016-11-11_14-56-34_b372058add.fit,2016-11-11 14:56:34,running,5.69611,25.73985,12.0,27.0,True,False
fits/2016-11-12_08-45-38_2c00baf412.fit,2016-11-12 08:45:38,running,2.23856,12.997366666666666,16.0,15.0,True,False
fits/2016-11-12_09-04-18_ee131b050a.fit,2016-11-12 09:04:18,running,4.93649,19.587933333333336,46.0,36.0,True,False
fits/2016-11-13_12-45-52_1a6907f169.fit,2016-11-13 12:45:52,running,22.223509999999997,121.60511666666666,247.0,245.0,True,False
fits/2016-11-15_11-47-40_0bab778479.fit,2016-11-15 11:47:40,running,13.09609,60.010533333333335,41.0,35.0,True,False
fits/2016-11-16_11-28-16_aec770a1c1.fit,2016-11-16 11:28:16,running,10.77816,51.08445,24.0,18.0,True,False
fits/2016-11-17_10-44-46_2d1d76c285.fit,2016-11-17 10:44:46,running,4.01701,18.712600000000002,14.0,7.0,True,False
fits/2016-11-17_12-13-26_bcf0667f2c.fit,2016-11-17 12:13:26,running,2.4346300000000003,13.4898,30.0,3.0,True,False
fits/2016-11-19_08-48-49_5a014ea5c6.fit,2016-11-19 08:48:49,running,1.5205899999999999,8.488583333333333,14.0,13.0,True,False
fits/2016-11-19_09-02-47_14cfb80889.fit,2016-11-19 09:02:47,running,4.8621099999999995,19.083066666666664,46.0,43.0,True,False
fits/2016-11-19_11-12-15_952a8c75a1.fit,2016-11-19 11:12:15,running,19.30211,99.6276,85.0,75.0,True,False
fits/2016-11-21_15-17-12_3c26c41f31.fit,2016-11-21 15:17:12,running,8.659780000000001,43.6888,22.0,39.0,True,False
fits/2016-11-23_11-59-15_5371dcdd1a.fit,2016-11-23 11:59:15,running,14.42414,65.06666666666666,63.0,59.0,True,False
fits/2016-11-24_10-54-22_3221f86c16.fit,2016-11-24 10:54:22,running,5.6982,28.029166666666665,26.0,26.0,True,False
fits/2016-11-25_11-59-02_03e79d1275.fit,2016-11-25 11:59:02,running,3.2436700000000003,16.06225,21.0,22.0,True,False
fits/2016-11-25_12-31-49_3f83432ef8.fit,2016-11-25 12:31:49,running,4.97486,18.53646666666667,30.0,29.0,True,False
fits/2016-11-25_13-08-15_709e247910.fit,2016-11-25 13:08:15,running,9.005379999999999,46.86396666666667,53.0,29.0,True,False
fits/2016-11-27_09-33-05_e9ec7c70d7.fit,2016-11-27 09:33:05,running,18.00863,94.73486666666666,144.0,148.0,True,False
fits/2016-11-29_12-01-02_1ad97e45d6.fit,2016-11-29 12:01:02,running,14.01042,63.00645,102.0,84.0,True,False
fits/2016-12-01_11-59-05_c4c78376f7.fit,2016-12-01 11:59:05,running,14.502510000000001,72.58276666666667,188.0,169.0,True,False
fits/2016-12-02_11-24-16_9d39ce4d7f.fit,2016-12-02 11:24:16,running,9.08098,47.887899999999995,60.0,50.0,True,False
fits/2016-12-03_08-46-45_025e67f103.fit,2016-12-03 08:46:45,running,1.85776,10.620866666666666,12.0,12.0,True,False
fits/2016-12-03_09-04-47_9b72c99751.fit,2016-12-03 09:04:47,running,4.82331,19.42685,48.0,42.0,True,False
fits/2016-12-04_09-27-14_da7c5a2a05.fit,2016-12-04 09:27:14,running,13.72782,60.904183333333336,28.0,27.0,True,False
fits/2016-12-05_16-53-28_39e220669c.fit,2016-12-05 16:53:28,running,13.23066,65.78135,63.0,63.0,True,False
fits/2016-12-06_08-26-25_952e061e95.fit,2016-12-06 08:26:25,running,7.62226,37.83241666666667,69.0,70.0,True,False
fits/2016-12-07_10-31-28_2982cb8cc3.fit,2016-12-07 10:31:28,running,11.37797,53.088049999999996,34.0,30.0,True,False
fits/2016-12-08_10-02-36_febea90cf8.fit,2016-12-08 10:02:36,running,6.6066899999999995,31.591600000000003,13.0,34.0,True,False
fits/2016-12-09_11-10-44_86ebb1a941.fit,2016-12-09 11:10:44,running,13.496540000000001,70.69613333333334,143.0,135.0,True,False
fits/2016-12-10_08-44-40_ca047f3b2d.fit,2016-12-10 08:44:40,running,2.50066,12.579616666666668,17.0,13.0,True,False
fits/2016-12-10_09-02-33_da4cebe894.fit,2016-12-10 09:02:33,running,4.92597,19.19203333333333,44.0,38.0,True,False
fits/2016-12-11_11-32-03_904549a58d.fit,2016-12-11 11:32:03,running,9.21128,52.71556666666667,56.0,50.0,True,False
fits/2016-12-12_10-31-29_03013b0c0c.fit,2016-12-12 10:31:29,running,6.68766,28.767966666666666,14.0,30.0,True,False
fits/2016-12-12_12-05-40_e6acf79a55.fit,2016-12-12 12:05:40,running,2.59771,14.546933333333333,25.0,3.0,True,False
fits/2016-12-13_09-56-32_0345e45f70.fit,2016-12-13 09:56:32,running,11.00558,51.61015,37.0,59.0,True,False
fits/2016-12-14_08-28-54_0b866a6d7d.fit,2016-12-14 08:28:54,running,12.76235,60.016,161.0,162.0,True,False
fits/2016-12-15_08-29-20_5049be03af.fit,2016-12-15 08:29:20,running,8.451120000000001,40.002500000000005,67.0,73.0,True,False
fits/2016-12-16_16-37-48_3df8876edc.fit,2016-12-16 16:37:48,running,7.057300000000001,34.75848333333333,54.0,53.0,True,False
fits/2016-12-17_08-48-10_c3e5b8b66e.fit,2016-12-17 08:48:10,running,2.01114,10.302933333333334,19.0,16.0,True,False
fits/2016-12-17_09-04-16_6e36d39137.fit,2016-12-17 09:04:16,running,4.97067,18.89475,48.0,42.0,True,False
fits/2016-12-18_08-15-06_b985901d61.fit,2016-12-18 08:15:06,running,12.63931,62.916783333333335,42.0,35.0,True,False
fits/2016-12-20_12-15-00_6763eb0903.fit,2016-12-20 12:15:00,running,16.28178,69.70808333333333,43.0,44.0,True,False
fits/2016-12-21_10-04-51_5775d70072.fit,2016-12-21 10:04:51,running,10.018540000000002,54.994283333333335,128.0,123.0,True,False
fits/2016-12-22_10-55-01_c2b55dcf0f.fit,2016-12-22 10:55:01,running,10.01679,50.89511666666667,127.0,157.0,True,False
fits/2016-12-23_12-38-00_3665a0f7e6.fit,2016-12-23 12:38:00,running,6.25341,31.271549999999998,32.0,32.0,True,False
fits/2016-12-24_08-44-49_ad8e40b6ce.fit,2016-12-24 08:44:49,running,2.4979699999999996,13.162733333333334,25.0,24.0,True,False
fits/2016-12-24_09-07-14_1725b006ac.fit,2016-12-24 09:07:14,running,4.95624,18.922116666666668,47.0,43.0,True,False
fits/2016-12-25_08-49-15_b7c11498d2.fit,2016-12-25 08:49:15,running,1.73963,9.974433333333334,16.0,14.0,True,False
fits/2016-12-25_09-04-20_451c2d46cd.fit,2016-12-25 09:04:20,running,4.71267,19.677666666666667,43.0,36.0,True,False
fits/2016-12-27_09-33-54_bb80c0cf7a.fit,2016-12-27 09:33:54,running,18.58589,85.51191666666666,64.0,69.0,True,False
fits/2016-12-28_18-46-15_eba5a923b8.fit,2016-12-28 18:46:15,running,10.003020000000001,44.64385,35.0,32.0,True,False
fits/2016-12-30_11-53-46_009bf5ddbf.fit,2016-12-30 11:53:46,running,3.84084,18.559783333333332,18.0,6.0,True,False
fits/2016-12-30_12-31-44_66bc514455.fit,2016-12-30 12:31:44,running,4.97916,18.40175,30.0,23.0,True,False
fits/2016-12-30_13-03-50_b1171f381b.fit,2016-12-30 13:03:50,running,8.421719999999999,42.21003333333333,41.0,25.0,True,False
fits/2016-12-31_11-27-38_2de84e6e14.fit,2016-12-31 11:27:38,running,4.65685,35.04376666666667,32.0,25.0,True,False
fits/2017-01-01_11-41-30_8502759313.fit,2017-01-01 11:41:30,running,14.00683,60.449283333333334,43.0,34.0,True,False
fits/2017-01-05_08-43-36_1d0b027fd8.fit,2017-01-05 08:43:36,running,10.00375,48.35378333333333,77.0,74.0,True,False
fits/2017-01-06_14-25-15_ae92fadcd1.fit,2017-01-06 14:25:15,running,5.317810000000001,27.091833333333334,0.0,1.0,False,False
fits/2017-01-06_15-11-14_7f3d6ff576.fit,2017-01-06 15:11:14,running,2.1026100000000003,11.28205,14.0,1.0,True,False
fits/2017-01-07_08-42-37_df7c0b8b15.fit,2017-01-07 08:42:37,running,3.00733,15.60535,28.0,27.0,True,False
fits/2017-01-07_09-04-25_7bb3c2a6d5.fit,2017-01-07 09:04:25,running,4.851430000000001,19.190150000000003,48.0,41.0,True,False
fits/2017-01-07_11-38-37_5198a469f9.fit,2017-01-07 11:38:37,running,5.003550000000001,38.21731666666667,26.0,31.0,True,False
fits/2017-01-08_10-00-39_5535eab497.fit,2017-01-08 10:00:39,running,25.0194,117.9143,80.0,71.0,True,False
fits/2017-01-10_10-45-28_2e566d2559.fit,2017-01-10 10:45:28,running,4.61425,20.63948333333333,8.0,28.0,True,False
fits/2017-01-10_12-09-32_a370251f3c.fit,2017-01-10 12:09:32,running,2.75246,15.944066666666666,27.0,3.0,True,False
fits/2017-01-11_11-39-08_d60d4d1b0c.fit,2017-01-11 11:39:08,running,12.41466,54.381566666666664,34.0,32.0,True,False
fits/2017-01-13_11-38-30_35e8fb0f62.fit,2017-01-13 11:38:30,running,12.6744,55.134683333333335,34.0,51.0,True,False
fits/2017-01-14_09-42-29_c07e27c40e.fit,2017-01-14 09:42:29,running,20.24147,103.46306666666666,139.0,136.0,True,False
fits/2017-01-16_11-10-15_894c96bbef.fit,2017-01-16 11:10:15,running,14.009549999999999,59.5125,22.0,22.0,True,False
fits/2017-01-17_10-34-45_1ac6a4b6b1.fit,2017-01-17 10:34:45,running,4.50592,21.020633333333333,6.0,32.0,True,False
fits/2017-01-17_12-09-33_8f9b8ac96e.fit,2017-01-17 12:09:33,running,3.01359,15.667750000000002,28.0,3.0,True,False
fits/2017-01-20_09-01-01_7f698681b6.fit,2017-01-20 09:01:01,running,15.16316,80.09873333333333,249.0,237.0,True,False
fits/2017-01-22_10-45-32_87c67ee51e.fit,2017-01-22 10:45:32,running,24.010830000000002,114.76035,139.0,97.0,True,False
fits/2017-01-23_14-49-45_7594a998c8.fit,2017-01-23 14:49:45,running,9.64139,48.8337,99.0,103.0,True,False
fits/2017-01-24_09-41-48_5466a9949b.fit,2017-01-24 09:41:48,running,4.13965,19.851766666666666,11.0,20.0,True,False
fits/2017-01-24_11-16-23_13858183a6.fit,2017-01-24 11:16:23,running,2.86919,15.517683333333334,28.0,1.0,True,False
fits/2017-01-25_09-56-03_7ad411be41.fit,2017-01-25 09:56:03,running,9.00412,39.38815,16.0,13.0,True,False
fits/2017-01-25_10-42-04_696f24dc07.fit,2017-01-25 10:42:04,running,2.0021199999999997,10.646616666666667,25.0,3.0,True,False
fits/2017-01-27_12-06-53_f71089ad7f.fit,2017-01-27 12:06:53,running,2.66056,13.5998,16.0,12.0,True,False
fits/2017-01-27_12-34-17_fb5846a249.fit,2017-01-27 12:34:17,running,4.93154,18.54123333333333,24.0,21.0,True,False
fits/2017-01-27_13-04-37_7efd9f26b1.fit,2017-01-27 13:04:37,running,8.01272,37.65161666666667,44.0,17.0,True,False
fits/2017-01-28_11-45-49_e258806ec5.fit,2017-01-28 11:45:49,running,27.00191,130.7105,88.0,99.0,True,False
fits/2017-01-30_11-20-13_f2ebb11fe3.fit,2017-01-30 11:20:13,running,14.8831,61.56666666666667,64.0,83.0,True,False
fits/2017-01-31_14-33-36_1e3c9f4539.fit,2017-01-31 14:33:36,running,9.74223,44.081966666666666,26.0,44.0,True,False
fits/2017-02-02_09-52-11_6129a1c792.fit,2017-02-02 09:52:11,running,16.95107,73.95698333333333,33.0,27.0,True,False
fits/2017-02-03_14-34-25_888be904eb.fit,2017-02-03 14:34:25,running,7.98479,39.59915,20.0,35.0,True,False
fits/2017-02-04_08-46-45_c4fc588fa8.fit,2017-02-04 08:46:45,running,2.1453699999999998,10.12195,13.0,11.0,True,False
fits/2017-02-04_09-04-17_58c4f095d0.fit,2017-02-04 09:04:17,running,4.72053,18.971016666666667,49.0,44.0,True,False
fits/2017-02-05_15-39-16_d2b8ea0121.fit,2017-02-05 15:39:16,running,28.01161,138.26703333333336,92.0,116.0,True,False
fits/2017-02-07_08-55-21_4ecbc5afb4.fit,2017-02-07 08:55:21,running,16.1737,70.01718333333334,44.0,32.0,True,False
fits/2017-02-08_10-14-07_3ad0dd327c.fit,2017-02-08 10:14:07,running,11.60305,57.17478333333334,43.0,39.0,True,False
fits/2017-02-09_11-46-18_bd156fa7dc.fit,2017-02-09 11:46:18,running,10.0611,44.3866,56.0,46.0,True,False
fits/2017-02-10_16-23-28_deb6f86164.fit,2017-02-10 16:23:28,running,12.02086,50.87486666666667,10.0,9.0,True,False
fits/2017-02-19_13-37-35_e501be8885.fit,2017-02-19 13:37:35,running,26.006349999999998,125.10418333333334,260.0,250.0,True,False
fits/2017-02-20_09-50-33_985a8e2f5e.fit,2017-02-20 09:50:33,running,3.33724,17.051416666666668,5.0,22.0,True,False
fits/2017-02-23_10-23-38_d06a331247.fit,2017-02-23 10:23:38,running,11.811620000000001,61.34733333333334,125.0,123.0,True,False
fits/2017-02-24_12-05-12_3be929024b.fit,2017-02-24 12:05:12,running,2.44226,11.9718,16.0,17.0,True,False
fits/2017-02-24_12-32-11_450d1b4636.fit,2017-02-24 12:32:11,running,5.008,18.66283333333333,26.0,27.0,True,False
fits/2017-02-24_13-00-16_7fe6549d86.fit,2017-02-24 13:00:16,running,4.00896,21.78735,16.0,7.0,True,False
fits/2017-02-26_08-49-46_106942c1fb.fit,2017-02-26 08:49:46,running,26.281599999999997,124.70538333333334,80.0,69.0,True,False
fits/2017-02-28_08-46-12_2282003575.fit,2017-02-28 08:46:12,running,11.40427,50.517383333333335,33.0,38.0,True,False
fits/2017-03-01_08-33-37_c5b3d31045.fit,2017-03-01 08:33:37,running,1.6376600000000001,10.919099999999998,2.0,19.0,True,False
fits/2017-03-01_09-09-11_d6adbc3a09.fit,2017-03-01 09:09:11,running,12.00818,57.86043333333334,38.0,47.0,True,False
fits/2017-03-02_11-52-24_b65544d748.fit,2017-03-02 11:52:24,running,11.012229999999999,55.29728333333333,106.0,111.0,True,False
fits/2017-03-04_09-53-46_c42623b055.fit,2017-03-04 09:53:46,running,32.25053,174.51331666666667,93.0,66.0,True,False
fits/2017-03-05_11-17-48_a9a9fe311a.fit,2017-03-05 11:17:48,running,8.23864,41.49285,60.0,69.0,True,False
fits/2017-03-06_10-44-42_70476e7725.fit,2017-03-06 10:44:42,running,16.501450000000002,71.10038333333334,49.0,55.0,True,False
fits/2017-03-07_08-43-39_239b7099f6.fit,2017-03-07 08:43:39,running,5.01083,24.59355,10.0,22.0,True,False
fits/2017-03-08_10-51-43_bd62ad1f21.fit,2017-03-08 10:51:43,running,9.00412,45.18893333333333,14.0,33.0,True,False
fits/2017-03-09_09-49-28_95051a5f6f.fit,2017-03-09 09:49:28,running,17.10256,73.72706666666666,29.0,34.0,True,False
fits/2017-03-11_10-24-00_27cb0d404b.fit,2017-03-11 10:24:00,running,34.005019999999995,152.9939,139.0,139.0,True,False
fits/2017-03-12_12-38-47_7ebe1b6d8f.fit,2017-03-12 12:38:47,running,6.30206,33.374316666666665,27.0,35.0,True,False
fits/2017-03-13_10-21-32_4982aa2192.fit,2017-03-13 10:21:32,running,16.931369999999998,72.69828333333334,28.0,32.0,True,False
fits/2017-03-14_09-43-42_5d38c46e84.fit,2017-03-14 09:43:42,running,8.555629999999999,39.174533333333336,15.0,41.0,True,False
fits/2017-03-14_14-55-21_c965a841ef.fit,2017-03-14 14:55:21,running,4.4322799999999996,20.805783333333334,9.0,23.0,True,False
fits/2017-03-15_11-00-03_a128da3e5c.fit,2017-03-15 11:00:03,running,16.80521,78.72109999999999,146.0,134.0,True,False
fits/2017-03-17_09-38-57_39e53029e7.fit,2017-03-17 09:38:57,running,10.00682,49.47145,87.0,79.0,True,False
fits/2017-03-19_09-01-23_6435ffcc2d.fit,2017-03-19 09:01:23,running,21.22341,84.85808333333333,50.0,44.0,True,False
fits/2017-03-20_11-26-56_2318aad831.fit,2017-03-20 11:26:56,running,11.65311,60.01933333333333,53.0,44.0,True,False
fits/2017-03-21_14-16-40_f0a1d5ca43.fit,2017-03-21 14:16:40,running,10.00465,46.53301666666667,41.0,57.0,True,False
fits/2017-03-22_11-55-05_cb878601f6.fit,2017-03-22 11:55:05,running,16.9666,78.4294,128.0,131.0,True,False
fits/2017-03-24_09-50-38_8edccca81c.fit,2017-03-24 09:50:38,running,32.22159,142.55576666666667,102.0,103.0,True,False
fits/2017-03-26_08-46-34_2c08d7f2e5.fit,2017-03-26 08:46:34,running,16.16374,88.16875,188.0,191.0,True,False
fits/2017-03-27_09-03-36_ca8f6801e3.fit,2017-03-27 09:03:36,running,5.01444,22.232933333333335,5.0,21.0,True,False
fits/2017-03-27_10-38-17_beffdcc673.fit,2017-03-27 10:38:17,running,3.0108699999999997,15.21635,29.0,3.0,True,False
fits/2017-03-29_11-02-32_7f22018b53.fit,2017-03-29 11:02:32,running,26.226020000000002,113.69753333333333,71.0,64.0,True,False
fits/2017-03-30_13-22-29_e1afa02b7c.fit,2017-03-30 13:22:29,running,11.79128,56.77573333333333,36.0,47.0,True,False
fits/2017-04-02_05-04-52_0823904577.fit,2017-04-02 05:04:52,running,5.00641,25.0346,52.0,44.0,True,False
fits/2017-04-03_05-02-59_250338d17b.fit,2017-04-03 05:02:59,running,5.00442,23.267033333333334,70.0,66.0,True,False
fits/2017-04-04_04-55-05_9fc25d8651.fit,2017-04-04 04:55:05,running,5.65066,25.509116666666667,54.0,50.0,True,False
fits/2017-04-05_04-58-18_5f6ff89f11.fit,2017-04-05 04:58:18,running,5.14784,24.010066666666667,72.0,68.0,True,False
fits/2017-04-06_04-51-19_ab85627442.fit,2017-04-06 04:51:19,running,7.008229999999999,32.42,83.0,82.0,True,False
fits/2017-04-09_12-55-33_d4eab0b21b.fit,2017-04-09 12:55:33,running,22.226650000000003,107.58563333333333,235.0,205.0,True,False
fits/2017-04-10_15-17-53_44b3e29989.fit,2017-04-10 15:17:53,running,10.4687,48.7322,141.0,135.0,True,False
fits/2017-04-11_12-02-04_5e598b0764.fit,2017-04-11 12:02:04,running,12.15358,52.646499999999996,143.0,143.0,True,False
fits/2017-04-12_15-37-50_87fe5c56d4.fit,2017-04-12 15:37:50,running,14.38021,65.21516666666666,59.0,54.0,True,False
fits/2017-04-14_08-22-37_648e9f2674.fit,2017-04-14 08:22:37,running,10.2325,50.3664,58.0,56.0,True,False
fits/2017-04-15_08-39-18_1ce81bc357.fit,2017-04-15 08:39:18,running,16.21895,75.13613333333333,105.0,103.0,True,False
fits/2017-04-19_12-35-57_fed69221c9.fit,2017-04-19 12:35:57,running,14.00306,60.85493333333333,46.0,36.0,True,False
fits/2017-04-22_08-24-02_e9a9dfd9d8.fit,2017-04-22 08:24:02,running,5.00335,23.561066666666665,26.0,21.0,True,False
fits/2017-04-23_09-01-38_fb26742e5c.fit,2017-04-23 09:01:38,running,42.98095,193.46051666666665,124.0,134.0,True,True
fits/2017-05-02_15-53-48_8b3437895a.fit,2017-05-02 15:53:48,running,5.042,23.996133333333333,24.0,24.0,True,False
fits/2017-05-04_10-48-11_3e5726d1cb.fit,2017-05-04 10:48:11,running,11.14088,48.47346666666667,16.0,17.0,True,False
